district_id,state_name,district_name
1,Gujarat,Surat
2,Haryana,Sonipat
3,Telangana,Hyderabad
4,Telangana,Ranga Reddy
5,Gujarat,Surat
6,Haryana,Sonipat
7,Telangana,Hyderabad
8,Telangana,Ranga Reddy
9,Gujarat,Surat
10,Haryana,Sonipat
11,Telangana,Hyderabad
12,Telangana,Ranga Reddy
13,Gujarat,Surat
14,Haryana,Sonipat
15,Telangana,Hyderabad
16,Telangana,Ranga Reddy
17,Gujarat,Surat
18,Haryana,Sonipat
19,Telangana,Hyderabad
20,Telangana,Ranga Reddy
21,Gujarat,Surat
22,Haryana,Sonipat
23,Telangana,Hyderabad
24,Telangana,Ranga Reddy
25,Gujarat,Surat
26,Haryana,Sonipat
27,Telangana,Hyderabad
28,Telangana,Ranga Reddy
29,Gujarat,Surat
30,Haryana,Sonipat
31,Telangana,Hyderabad
32,Telangana,Ranga Reddy
33,Gujarat,Surat
34,Haryana,Sonipat
35,Telangana,Hyderabad
36,Telangana,Ranga Reddy
37,Gujarat,Surat
38,Haryana,Sonipat
39,Telangana,Hyderabad
40,Telangana,Ranga Reddy
41,Gujarat,Surat
42,Haryana,Sonipat
43,Telangana,Hyderabad
44,Telangana,Ranga Reddy
45,Gujarat,Surat
46,Haryana,Sonipat
47,Telangana,Hyderabad
48,Telangana,Ranga Reddy
49,Gujarat,Surat
50,Haryana,Sonipat
51,Telangana,Hyderabad
52,Telangana,Ranga Reddy
53,Gujarat,Surat
54,Haryana,Sonipat
55,Telangana,Hyderabad
56,Telangana,Ranga Reddy
57,Gujarat,Surat
58,Haryana,Sonipat
59,Telangana,Hyderabad
60,Telangana,Ranga Reddy
61,Gujarat,Surat
62,Haryana,Sonipat
63,Telangana,Hyderabad
64,Telangana,Ranga Reddy
65,Gujarat,Surat
66,Haryana,Sonipat
67,Telangana,Hyderabad
68,Telangana,Ranga Reddy
69,Gujarat,Surat
70,Haryana,Sonipat
71,Telangana,Hyderabad
72,Telangana,Ranga Reddy
73,Gujarat,Surat
74,Haryana,Sonipat
75,Telangana,Hyderabad
76,Telangana,Ranga Reddy
77,Gujarat,Surat
78,Haryana,Sonipat
79,Telangana,Hyderabad
80,Telangana,Ranga Reddy
81,Gujarat,Surat
82,Haryana,Sonipat
83,Telangana,Hyderabad
84,Telangana,Ranga Reddy
85,Gujarat,Surat
86,Haryana,Sonipat
87,Telangana,Hyderabad
88,Telangana,Ranga Reddy
89,Gujarat,Surat
90,Haryana,Sonipat
91,Telangana,Hyderabad
92,Telangana,Ranga Reddy
93,Gujarat,Surat
94,Haryana,Sonipat
95,Telangana,Hyderabad
96,Telangana,Ranga Reddy
97,Gujarat,Surat
98,Haryana,Sonipat
99,Telangana,Hyderabad
100,Telangana,Ranga Reddy
101,Gujarat,Surat
102,Haryana,Sonipat
103,Telangana,Hyderabad
104,Telangana,Ranga Reddy
105,Gujarat,Surat
106,Haryana,Sonipat
107,Telangana,Hyderabad
108,Telangana,Ranga Reddy
109,Gujarat,Surat
110,Haryana,Sonipat
111,Telangana,Hyderabad
112,Telangana,Ranga Reddy
113,Gujarat,Surat
114,Haryana,Sonipat
115,Telangana,Hyderabad
116,Telangana,Ranga Reddy
117,Gujarat,Surat
118,Haryana,Sonipat
119,Telangana,Hyderabad
120,Telangana,Ranga Reddy
121,Gujarat,Surat
122,Haryana,Sonipat
123,Telangana,Hyderabad
124,Telangana,Ranga Reddy
125,Gujarat,Surat
126,Haryana,Sonipat
127,Telangana,Hyderabad
128,Telangana,Ranga Reddy
129,Gujarat,Surat
130,Haryana,Sonipat
131,Telangana,Hyderabad
132,Telangana,Ranga Reddy
133,Gujarat,Surat
134,Haryana,Sonipat
135,Telangana,Hyderabad
136,Telangana,Ranga Reddy
137,Gujarat,Surat
138,Haryana,Sonipat
139,Telangana,Hyderabad
140,Telangana,Ranga Reddy
141,Gujarat,Surat
142,Haryana,Sonipat
143,Telangana,Hyderabad
144,Telangana,Ranga Reddy
145,Gujarat,Surat
146,Haryana,Sonipat
147,Telangana,Hyderabad
148,Telangana,Ranga Reddy
149,Gujarat,Surat
150,Haryana,Sonipat
151,Telangana,Hyderabad
152,Telangana,Ranga Reddy
153,Gujarat,Surat
154,Haryana,Sonipat
155,Telangana,Hyderabad
156,Telangana,Ranga Reddy
157,Gujarat,Surat
158,Haryana,Sonipat
159,Telangana,Hyderabad
160,Telangana,Ranga Reddy
161,Gujarat,Surat
162,Haryana,Sonipat
163,Telangana,Hyderabad
164,Telangana,Ranga Reddy
165,Gujarat,Surat
166,Haryana,Sonipat
167,Telangana,Hyderabad
168,Telangana,Ranga Reddy
169,Gujarat,Surat
170,Haryana,Sonipat
171,Telangana,Hyderabad
172,Telangana,Ranga Reddy
173,Gujarat,Surat
174,Haryana,Sonipat
175,Telangana,Hyderabad
176,Telangana,Ranga Reddy
177,Gujarat,Surat
178,Haryana,Sonipat
179,Telangana,Hyderabad
180,Telangana,Ranga Reddy
181,Gujarat,Surat
182,Haryana,Sonipat
183,Telangana,Hyderabad
184,Telangana,Ranga Reddy
185,Gujarat,Surat
186,Haryana,Sonipat
187,Telangana,Hyderabad
188,Telangana,Ranga Reddy
189,Gujarat,Surat
190,Haryana,Sonipat
191,Telangana,Hyderabad
192,Telangana,Ranga Reddy
193,Gujarat,Surat
194,Haryana,Sonipat
195,Telangana,Hyderabad
196,Telangana,Ranga Reddy
197,Gujarat,Surat
198,Haryana,Sonipat
199,Telangana,Hyderabad
200,Telangana,Ranga Reddy
201,Gujarat,Surat
202,Haryana,Sonipat
203,Telangana,Hyderabad
204,Telangana,Ranga Reddy
205,Gujarat,Surat
206,Haryana,Sonipat
207,Telangana,Hyderabad
208,Telangana,Ranga Reddy
209,Gujarat,Surat
210,Haryana,Sonipat
211,Telangana,Hyderabad
212,Telangana,Ranga Reddy
213,Gujarat,Surat
214,Haryana,Sonipat
215,Telangana,Hyderabad
216,Telangana,Ranga Reddy
217,Gujarat,Surat
218,Haryana,Sonipat
219,Telangana,Hyderabad
220,Telangana,Ranga Reddy
221,Gujarat,Surat
222,Haryana,Sonipat
223,Telangana,Hyderabad
224,Telangana,Ranga Reddy
225,Gujarat,Surat
226,Haryana,Sonipat
227,Telangana,Hyderabad
228,Telangana,Ranga Reddy
229,Gujarat,Surat
230,Haryana,Sonipat
231,Telangana,Hyderabad
232,Telangana,Ranga Reddy
233,Gujarat,Surat
234,Haryana,Sonipat
235,Telangana,Hyderabad
236,Telangana,Ranga Reddy
237,Gujarat,Surat
238,Haryana,Sonipat
239,Telangana,Hyderabad
240,Telangana,Ranga Reddy
241,Gujarat,Surat
242,Haryana,Sonipat
243,Telangana,Hyderabad
244,Telangana,Ranga Reddy
245,Gujarat,Surat
246,Haryana,Sonipat
247,Telangana,Hyderabad
248,Telangana,Ranga Reddy
249,Gujarat,Surat
250,Haryana,Sonipat
251,Telangana,Hyderabad
252,Telangana,Ranga Reddy
253,Gujarat,Surat
254,Haryana,Sonipat
255,Telangana,Hyderabad
256,Telangana,Ranga Reddy
257,Gujarat,Surat
258,Haryana,Sonipat
259,Telangana,Hyderabad
260,Telangana,Ranga Reddy
261,Gujarat,Surat
262,Haryana,Sonipat
263,Telangana,Hyderabad
264,Telangana,Ranga Reddy
265,Gujarat,Surat
266,Haryana,Sonipat
267,Telangana,Hyderabad
268,Telangana,Ranga Reddy
269,Gujarat,Surat
270,Haryana,Sonipat
271,Telangana,Hyderabad
272,Telangana,Ranga Reddy
273,Gujarat,Surat
274,Haryana,Sonipat
275,Telangana,Hyderabad
276,Telangana,Ranga Reddy
277,Gujarat,Surat
278,Haryana,Sonipat
279,Telangana,Hyderabad
280,Telangana,Ranga Reddy
281,Gujarat,Surat
282,Haryana,Sonipat
283,Telangana,Hyderabad
284,Telangana,Ranga Reddy
285,Gujarat,Surat
286,Haryana,Sonipat
287,Telangana,Hyderabad
288,Telangana,Ranga Reddy
289,Gujarat,Surat
290,Haryana,Sonipat
291,Telangana,Hyderabad
292,Telangana,Ranga Reddy
293,Gujarat,Surat
294,Haryana,Sonipat
295,Telangana,Hyderabad
296,Telangana,Ranga Reddy
297,Gujarat,Surat
298,Haryana,Sonipat
299,Telangana,Hyderabad
300,Telangana,Ranga Reddy
301,Gujarat,Surat
302,Haryana,Sonipat
303,Telangana,Hyderabad
304,Telangana,Ranga Reddy
305,Gujarat,Surat
306,Haryana,Sonipat
307,Telangana,Hyderabad
308,Telangana,Ranga Reddy
309,Gujarat,Surat
310,Haryana,Sonipat
311,Telangana,Hyderabad
312,Telangana,Ranga Reddy
313,Gujarat,Surat
314,Haryana,Sonipat
315,Telangana,Hyderabad
316,Telangana,Ranga Reddy
317,Gujarat,Surat
318,Haryana,Sonipat
319,Telangana,Hyderabad
320,Telangana,Ranga Reddy
321,Gujarat,Surat
322,Haryana,Sonipat
323,Telangana,Hyderabad
324,Telangana,Ranga Reddy
325,Gujarat,Surat
326,Haryana,Sonipat
327,Telangana,Hyderabad
328,Telangana,Ranga Reddy
329,Gujarat,Surat
330,Haryana,Sonipat
331,Telangana,Hyderabad
332,Telangana,Ranga Reddy
333,Gujarat,Surat
334,Haryana,Sonipat
335,Telangana,Hyderabad
336,Telangana,Ranga Reddy
337,Gujarat,Surat
338,Haryana,Sonipat
339,Telangana,Hyderabad
340,Telangana,Ranga Reddy
341,Gujarat,Surat
342,Haryana,Sonipat
343,Telangana,Hyderabad
344,Telangana,Ranga Reddy
345,Gujarat,Surat
346,Haryana,Sonipat
347,Telangana,Hyderabad
348,Telangana,Ranga Reddy
349,Gujarat,Surat
350,Haryana,Sonipat
351,Telangana,Hyderabad
352,Telangana,Ranga Reddy
353,Gujarat,Surat
354,Haryana,Sonipat
355,Telangana,Hyderabad
356,Telangana,Ranga Reddy
357,Gujarat,Surat
358,Haryana,Sonipat
359,Telangana,Hyderabad
360,Telangana,Ranga Reddy
361,Gujarat,Surat
362,Haryana,Sonipat
363,Telangana,Hyderabad
364,Telangana,Ranga Reddy
365,Gujarat,Surat
366,Haryana,Sonipat
367,Telangana,Hyderabad
368,Telangana,Ranga Reddy
369,Gujarat,Surat
370,Haryana,Sonipat
371,Telangana,Hyderabad
372,Telangana,Ranga Reddy
373,Gujarat,Surat
374,Haryana,Sonipat
375,Telangana,Hyderabad
376,Telangana,Ranga Reddy
377,Gujarat,Surat
378,Haryana,Sonipat
379,Telangana,Hyderabad
380,Telangana,Ranga Reddy
381,Gujarat,Surat
382,Haryana,Sonipat
383,Telangana,Hyderabad
384,Telangana,Ranga Reddy
385,Gujarat,Surat
386,Haryana,Sonipat
387,Telangana,Hyderabad
388,Telangana,Ranga Reddy
389,Gujarat,Surat
390,Haryana,Sonipat
391,Telangana,Hyderabad
392,Telangana,Ranga Reddy
393,Gujarat,Surat
394,Haryana,Sonipat
395,Telangana,Hyderabad
396,Telangana,Ranga Reddy
397,Gujarat,Surat
398,Haryana,Sonipat
399,Telangana,Hyderabad
400,Telangana,Ranga Reddy
401,Gujarat,Surat
402,Haryana,Sonipat
403,Telangana,Hyderabad
404,Telangana,Ranga Reddy
405,Gujarat,Surat
406,Haryana,Sonipat
407,Telangana,Hyderabad
408,Telangana,Ranga Reddy
409,Gujarat,Surat
410,Haryana,Sonipat
411,Telangana,Hyderabad
412,Telangana,Ranga Reddy
413,Gujarat,Surat
414,Haryana,Sonipat
415,Telangana,Hyderabad
416,Telangana,Ranga Reddy
417,Gujarat,Surat
418,Haryana,Sonipat
419,Telangana,Hyderabad
420,Telangana,Ranga Reddy
421,Gujarat,Surat
422,Haryana,Sonipat
423,Telangana,Hyderabad
424,Telangana,Ranga Reddy
425,Gujarat,Surat
426,Haryana,Sonipat
427,Telangana,Hyderabad
428,Telangana,Ranga Reddy
429,Gujarat,Surat
430,Haryana,Sonipat
431,Telangana,Hyderabad
432,Telangana,Ranga Reddy
433,Gujarat,Surat
434,Haryana,Sonipat
435,Telangana,Hyderabad
436,Telangana,Ranga Reddy
437,Gujarat,Surat
438,Haryana,Sonipat
439,Telangana,Hyderabad
440,Telangana,Ranga Reddy
441,Gujarat,Surat
442,Haryana,Sonipat
443,Telangana,Hyderabad
444,Telangana,Ranga Reddy
445,Gujarat,Surat
446,Haryana,Sonipat
447,Telangana,Hyderabad
448,Telangana,Ranga Reddy
449,Gujarat,Surat
450,Haryana,Sonipat
451,Telangana,Hyderabad
452,Telangana,Ranga Reddy
453,Gujarat,Surat
454,Haryana,Sonipat
455,Telangana,Hyderabad
456,Telangana,Ranga Reddy
457,Gujarat,Surat
458,Haryana,Sonipat
459,Telangana,Hyderabad
460,Telangana,Ranga Reddy
461,Gujarat,Surat
462,Haryana,Sonipat
463,Telangana,Hyderabad
464,Telangana,Ranga Reddy
465,Gujarat,Surat
466,Haryana,Sonipat
467,Telangana,Hyderabad
468,Telangana,Ranga Reddy
469,Gujarat,Surat
470,Haryana,Sonipat
471,Telangana,Hyderabad
472,Telangana,Ranga Reddy
473,Gujarat,Surat
474,Haryana,Sonipat
475,Telangana,Hyderabad
476,Telangana,Ranga Reddy
477,Gujarat,Surat
478,Haryana,Sonipat
479,Telangana,Hyderabad
480,Telangana,Ranga Reddy
481,Gujarat,Surat
482,Haryana,Sonipat
483,Telangana,Hyderabad
484,Telangana,Ranga Reddy
485,Gujarat,Surat
486,Haryana,Sonipat
487,Telangana,Hyderabad
488,Telangana,Ranga Reddy
489,Gujarat,Surat
490,Haryana,Sonipat
491,Telangana,Hyderabad
492,Telangana,Ranga Reddy
493,Gujarat,Surat
494,Haryana,Sonipat
495,Telangana,Hyderabad
496,Telangana,Ranga Reddy
497,Gujarat,Surat
498,Haryana,Sonipat
499,Telangana,Hyderabad
500,Telangana,Ranga Reddy
501,Gujarat,Surat
502,Haryana,Sonipat
503,Telangana,Hyderabad
504,Telangana,Ranga Reddy
505,Gujarat,Surat
506,Haryana,Sonipat
507,Telangana,Hyderabad
508,Telangana,Ranga Reddy
509,Gujarat,Surat
510,Haryana,Sonipat
511,Telangana,Hyderabad
512,Telangana,Ranga Reddy
513,Gujarat,Surat
514,Haryana,Sonipat
515,Telangana,Hyderabad
516,Telangana,Ranga Reddy
517,Gujarat,Surat
518,Haryana,Sonipat
519,Telangana,Hyderabad
520,Telangana,Ranga Reddy
521,Gujarat,Surat
522,Haryana,Sonipat
523,Telangana,Hyderabad
524,Telangana,Ranga Reddy
525,Gujarat,Surat
526,Haryana,Sonipat
527,Telangana,Hyderabad
528,Telangana,Ranga Reddy
529,Gujarat,Surat
530,Haryana,Sonipat
531,Telangana,Hyderabad
532,Telangana,Ranga Reddy
533,Gujarat,Surat
534,Haryana,Sonipat
535,Telangana,Hyderabad
536,Telangana,Ranga Reddy
537,Gujarat,Surat
538,Haryana,Sonipat
539,Telangana,Hyderabad
540,Telangana,Ranga Reddy
541,Gujarat,Surat
542,Haryana,Sonipat
543,Telangana,Hyderabad
544,Telangana,Ranga Reddy
545,Gujarat,Surat
546,Haryana,Sonipat
547,Telangana,Hyderabad
548,Telangana,Ranga Reddy
549,Gujarat,Surat
550,Haryana,Sonipat
551,Telangana,Hyderabad
552,Telangana,Ranga Reddy
553,Gujarat,Surat
554,Haryana,Sonipat
555,Telangana,Hyderabad
556,Telangana,Ranga Reddy
557,Gujarat,Surat
558,Haryana,Sonipat
559,Telangana,Hyderabad
560,Telangana,Ranga Reddy
561,Gujarat,Surat
562,Haryana,Sonipat
563,Telangana,Hyderabad
564,Telangana,Ranga Reddy
565,Gujarat,Surat
566,Haryana,Sonipat
567,Telangana,Hyderabad
568,Telangana,Ranga Reddy
569,Gujarat,Surat
570,Haryana,Sonipat
571,Telangana,Hyderabad
572,Telangana,Ranga Reddy
573,Gujarat,Surat
574,Haryana,Sonipat
575,Telangana,Hyderabad
576,Telangana,Ranga Reddy
577,Gujarat,Surat
578,Haryana,Sonipat
579,Telangana,Hyderabad
580,Telangana,Ranga Reddy
581,Gujarat,Surat
582,Haryana,Sonipat
583,Telangana,Hyderabad
584,Telangana,Ranga Reddy
585,Gujarat,Surat
586,Haryana,Sonipat
587,Telangana,Hyderabad
588,Telangana,Ranga Reddy
589,Gujarat,Surat
590,Haryana,Sonipat
591,Telangana,Hyderabad
592,Telangana,Ranga Reddy
593,Gujarat,Surat
594,Haryana,Sonipat
595,Telangana,Hyderabad
596,Telangana,Ranga Reddy
597,Gujarat,Surat
598,Haryana,Sonipat
599,Telangana,Hyderabad
600,Telangana,Ranga Reddy
601,Gujarat,Surat
602,Haryana,Sonipat
603,Telangana,Hyderabad
604,Telangana,Ranga Reddy
605,Gujarat,Surat
606,Haryana,Sonipat
607,Telangana,Hyderabad
608,Telangana,Ranga Reddy
609,Gujarat,Surat
610,Haryana,Sonipat
611,Telangana,Hyderabad
612,Telangana,Ranga Reddy
613,Gujarat,Surat
614,Haryana,Sonipat
615,Telangana,Hyderabad
616,Telangana,Ranga Reddy
617,Gujarat,Surat
618,Haryana,Sonipat
619,Telangana,Hyderabad
620,Telangana,Ranga Reddy
621,Gujarat,Surat
622,Haryana,Sonipat
623,Telangana,Hyderabad
624,Telangana,Ranga Reddy
625,Gujarat,Surat
626,Haryana,Sonipat
627,Telangana,Hyderabad
628,Telangana,Ranga Reddy
629,Gujarat,Surat
630,Haryana,Sonipat
631,Telangana,Hyderabad
632,Telangana,Ranga Reddy
633,Gujarat,Surat
634,Haryana,Sonipat
635,Telangana,Hyderabad
636,Telangana,Ranga Reddy
637,Gujarat,Surat
638,Haryana,Sonipat
639,Telangana,Hyderabad
640,Telangana,Ranga Reddy
641,Gujarat,Surat
642,Haryana,Sonipat
643,Telangana,Hyderabad
644,Telangana,Ranga Reddy
645,Gujarat,Surat
646,Haryana,Sonipat
647,Telangana,Hyderabad
648,Telangana,Ranga Reddy
649,Gujarat,Surat
650,Haryana,Sonipat
651,Telangana,Hyderabad
652,Telangana,Ranga Reddy
653,Gujarat,Surat
654,Haryana,Sonipat
655,Telangana,Hyderabad
656,Telangana,Ranga Reddy
657,Gujarat,Surat
658,Haryana,Sonipat
659,Telangana,Hyderabad
660,Telangana,Ranga Reddy
661,Gujarat,Surat
662,Haryana,Sonipat
663,Telangana,Hyderabad
664,Telangana,Ranga Reddy
665,Gujarat,Surat
666,Haryana,Sonipat
667,Telangana,Hyderabad
668,Telangana,Ranga Reddy
669,Gujarat,Surat
670,Haryana,Sonipat
671,Telangana,Hyderabad
672,Telangana,Ranga Reddy
673,Gujarat,Surat
674,Haryana,Sonipat
675,Telangana,Hyderabad
676,Telangana,Ranga Reddy
677,Gujarat,Surat
678,Haryana,Sonipat
679,Telangana,Hyderabad
680,Telangana,Ranga Reddy
681,Gujarat,Surat
682,Haryana,Sonipat
683,Telangana,Hyderabad
684,Telangana,Ranga Reddy
685,Gujarat,Surat
686,Haryana,Sonipat
687,Telangana,Hyderabad
688,Telangana,Ranga Reddy
689,Gujarat,Surat
690,Haryana,Sonipat
691,Telangana,Hyderabad
692,Telangana,Ranga Reddy
693,Gujarat,Surat
694,Haryana,Sonipat
695,Telangana,Hyderabad
696,Telangana,Ranga Reddy
697,Gujarat,Surat
698,Haryana,Sonipat
699,Telangana,Hyderabad
700,Telangana,Ranga Reddy
701,Gujarat,Surat
702,Haryana,Sonipat
703,Telangana,Hyderabad
704,Telangana,Ranga Reddy
705,Gujarat,Surat
706,Haryana,Sonipat
707,Telangana,Hyderabad
708,Telangana,Ranga Reddy
709,Gujarat,Surat
710,Haryana,Sonipat
711,Telangana,Hyderabad
712,Telangana,Ranga Reddy
713,Gujarat,Surat
714,Haryana,Sonipat
715,Telangana,Hyderabad
716,Telangana,Ranga Reddy
717,Gujarat,Surat
718,Haryana,Sonipat
719,Telangana,Hyderabad
720,Telangana,Ranga Reddy
721,Gujarat,Surat
722,Haryana,Sonipat
723,Telangana,Hyderabad
724,Telangana,Ranga Reddy
725,Gujarat,Surat
726,Haryana,Sonipat
727,Telangana,Hyderabad
728,Telangana,Ranga Reddy
729,Gujarat,Surat
730,Haryana,Sonipat
731,Telangana,Hyderabad
732,Telangana,Ranga Reddy
733,Gujarat,Surat
734,Haryana,Sonipat
735,Telangana,Hyderabad
736,Telangana,Ranga Reddy
737,Gujarat,Surat
738,Haryana,Sonipat
739,Telangana,Hyderabad
740,Telangana,Ranga Reddy
741,Gujarat,Surat
742,Haryana,Sonipat
743,Telangana,Hyderabad
744,Telangana,Ranga Reddy
745,Gujarat,Surat
746,Haryana,Sonipat
747,Telangana,Hyderabad
748,Telangana,Ranga Reddy
749,Gujarat,Surat
750,Haryana,Sonipat
751,Telangana,Hyderabad
752,Telangana,Ranga Reddy
753,Gujarat,Surat
754,Haryana,Sonipat
755,Telangana,Hyderabad
756,Telangana,Ranga Reddy
757,Gujarat,Surat
758,Haryana,Sonipat
759,Telangana,Hyderabad
760,Telangana,Ranga Reddy
761,Gujarat,Surat
762,Haryana,Sonipat
763,Telangana,Hyderabad
764,Telangana,Ranga Reddy
765,Gujarat,Surat
766,Haryana,Sonipat
767,Telangana,Hyderabad
768,Telangana,Ranga Reddy
769,Gujarat,Surat
770,Haryana,Sonipat
771,Telangana,Hyderabad
772,Telangana,Ranga Reddy
773,Gujarat,Surat
774,Haryana,Sonipat
775,Telangana,Hyderabad
776,Telangana,Ranga Reddy
777,Gujarat,Surat
778,Haryana,Sonipat
779,Telangana,Hyderabad
780,Telangana,Ranga Reddy
781,Gujarat,Surat
782,Haryana,Sonipat
783,Telangana,Hyderabad
784,Telangana,Ranga Reddy
785,Gujarat,Surat
786,Haryana,Sonipat
787,Telangana,Hyderabad
788,Telangana,Ranga Reddy
789,Gujarat,Surat
790,Haryana,Sonipat
791,Telangana,Hyderabad
792,Telangana,Ranga Reddy
793,Gujarat,Surat
794,Haryana,Sonipat
795,Telangana,Hyderabad
796,Telangana,Ranga Reddy
797,Gujarat,Surat
798,Haryana,Sonipat
799,Telangana,Hyderabad
800,Telangana,Ranga Reddy
801,Gujarat,Surat
802,Haryana,Sonipat
803,Telangana,Hyderabad
804,Telangana,Ranga Reddy
805,Gujarat,Surat
806,Haryana,Sonipat
807,Telangana,Hyderabad
808,Telangana,Ranga Reddy
809,Gujarat,Surat
810,Haryana,Sonipat
811,Telangana,Hyderabad
812,Telangana,Ranga Reddy
813,Gujarat,Surat
814,Haryana,Sonipat
815,Telangana,Hyderabad
816,Telangana,Ranga Reddy
817,Gujarat,Surat
818,Haryana,Sonipat
819,Telangana,Hyderabad
820,Telangana,Ranga Reddy
821,Gujarat,Surat
822,Haryana,Sonipat
823,Telangana,Hyderabad
824,Telangana,Ranga Reddy
825,Gujarat,Surat
826,Haryana,Sonipat
827,Telangana,Hyderabad
828,Telangana,Ranga Reddy
829,Gujarat,Surat
830,Haryana,Sonipat
831,Telangana,Hyderabad
832,Telangana,Ranga Reddy
833,Gujarat,Surat
834,Haryana,Sonipat
835,Telangana,Hyderabad
836,Telangana,Ranga Reddy
837,Gujarat,Surat
838,Haryana,Sonipat
839,Telangana,Hyderabad
840,Telangana,Ranga Reddy
841,Gujarat,Surat
842,Haryana,Sonipat
843,Telangana,Hyderabad
844,Telangana,Ranga Reddy
845,Gujarat,Surat
846,Haryana,Sonipat
847,Telangana,Hyderabad
848,Telangana,Ranga Reddy
849,Gujarat,Surat
850,Haryana,Sonipat
851,Telangana,Hyderabad
852,Telangana,Ranga Reddy
853,Gujarat,Surat
854,Haryana,Sonipat
855,Telangana,Hyderabad
856,Telangana,Ranga Reddy
857,Gujarat,Surat
858,Haryana,Sonipat
859,Telangana,Hyderabad
860,Telangana,Ranga Reddy
861,Gujarat,Surat
862,Haryana,Sonipat
863,Telangana,Hyderabad
864,Telangana,Ranga Reddy
865,Gujarat,Surat
866,Haryana,Sonipat
867,Telangana,Hyderabad
868,Telangana,Ranga Reddy
869,Gujarat,Surat
870,Haryana,Sonipat
871,Telangana,Hyderabad
872,Telangana,Ranga Reddy
873,Gujarat,Surat
874,Haryana,Sonipat
875,Telangana,Hyderabad
876,Telangana,Ranga Reddy
877,Gujarat,Surat
878,Haryana,Sonipat
879,Telangana,Hyderabad
880,Telangana,Ranga Reddy
881,Gujarat,Surat
882,Haryana,Sonipat
883,Telangana,Hyderabad
884,Telangana,Ranga Reddy
885,Gujarat,Surat
886,Haryana,Sonipat
887,Telangana,Hyderabad
888,Telangana,Ranga Reddy
889,Gujarat,Surat
890,Haryana,Sonipat
891,Telangana,Hyderabad
892,Telangana,Ranga Reddy
893,Gujarat,Surat
894,Haryana,Sonipat
895,Telangana,Hyderabad
896,Telangana,Ranga Reddy
897,Gujarat,Surat
898,Haryana,Sonipat
899,Telangana,Hyderabad
900,Telangana,Ranga Reddy
901,Gujarat,Surat
902,Haryana,Sonipat
903,Telangana,Hyderabad
904,Telangana,Ranga Reddy
905,Gujarat,Surat
906,Haryana,Sonipat
907,Telangana,Hyderabad
908,Telangana,Ranga Reddy
909,Gujarat,Surat
910,Haryana,Sonipat
911,Telangana,Hyderabad
912,Telangana,Ranga Reddy
913,Gujarat,Surat
914,Haryana,Sonipat
915,Telangana,Hyderabad
916,Telangana,Ranga Reddy
917,Gujarat,Surat
918,Haryana,Sonipat
919,Telangana,Hyderabad
920,Telangana,Ranga Reddy
921,Gujarat,Surat
922,Haryana,Sonipat
923,Telangana,Hyderabad
924,Telangana,Ranga Reddy
925,Gujarat,Surat
926,Haryana,Sonipat
927,Telangana,Hyderabad
928,Telangana,Ranga Reddy
929,Gujarat,Surat
930,Haryana,Sonipat
931,Telangana,Hyderabad
932,Telangana,Ranga Reddy
933,Gujarat,Surat
934,Haryana,Sonipat
935,Telangana,Hyderabad
936,Telangana,Ranga Reddy
937,Gujarat,Surat
938,Haryana,Sonipat
939,Telangana,Hyderabad
940,Telangana,Ranga Reddy
941,Gujarat,Surat
942,Haryana,Sonipat
943,Telangana,Hyderabad
944,Telangana,Ranga Reddy
945,Gujarat,Surat
946,Haryana,Sonipat
947,Telangana,Hyderabad
948,Telangana,Ranga Reddy
949,Gujarat,Surat
950,Haryana,Sonipat
951,Telangana,Hyderabad
952,Telangana,Ranga Reddy
953,Gujarat,Surat
954,Haryana,Sonipat
955,Telangana,Hyderabad
956,Telangana,Ranga Reddy
957,Gujarat,Surat
958,Haryana,Sonipat
959,Telangana,Hyderabad
960,Telangana,Ranga Reddy
961,Gujarat,Surat
962,Haryana,Sonipat
963,Telangana,Hyderabad
964,Telangana,Ranga Reddy
965,Gujarat,Surat
966,Haryana,Sonipat
967,Telangana,Hyderabad
968,Telangana,Ranga Reddy
969,Gujarat,Surat
970,Haryana,Sonipat
971,Telangana,Hyderabad
972,Telangana,Ranga Reddy
973,Gujarat,Surat
974,Haryana,Sonipat
975,Telangana,Hyderabad
976,Telangana,Ranga Reddy
977,Gujarat,Surat
978,Haryana,Sonipat
979,Telangana,Hyderabad
980,Telangana,Ranga Reddy
981,Gujarat,Surat
982,Haryana,Sonipat
983,Telangana,Hyderabad
984,Telangana,Ranga Reddy
985,Gujarat,Surat
986,Haryana,Sonipat
987,Telangana,Hyderabad
988,Telangana,Ranga Reddy
989,Gujarat,Surat
990,Haryana,Sonipat
991,Telangana,Hyderabad
992,Telangana,Ranga Reddy
993,Gujarat,Surat
994,Haryana,Sonipat
995,Telangana,Hyderabad
996,Telangana,Ranga Reddy
997,Gujarat,Surat
998,Haryana,Sonipat
999,Telangana,Hyderabad
1000,Telangana,Ranga Reddy
1001,Gujarat,Surat
1002,Haryana,Sonipat
1003,Telangana,Hyderabad
1004,Telangana,Ranga Reddy
1005,Gujarat,Surat
1006,Haryana,Sonipat
1007,Telangana,Hyderabad
1008,Telangana,Ranga Reddy
1009,Gujarat,Surat
1010,Haryana,Sonipat
1011,Telangana,Hyderabad
1012,Telangana,Ranga Reddy
1013,Gujarat,Surat
1014,Haryana,Sonipat
1015,Telangana,Hyderabad
1016,Telangana,Ranga Reddy
1017,Gujarat,Surat
1018,Haryana,Sonipat
1019,Telangana,Hyderabad
1020,Telangana,Ranga Reddy
1021,Gujarat,Surat
1022,Haryana,Sonipat
1023,Telangana,Hyderabad
1024,Telangana,Ranga Reddy
1025,Gujarat,Surat
1026,Haryana,Sonipat
1027,Telangana,Hyderabad
1028,Telangana,Ranga Reddy
1029,Gujarat,Surat
1030,Haryana,Sonipat
1031,Telangana,Hyderabad
1032,Telangana,Ranga Reddy
1033,Gujarat,Surat
1034,Haryana,Sonipat
1035,Telangana,Hyderabad
1036,Telangana,Ranga Reddy
1037,Gujarat,Surat
1038,Haryana,Sonipat
1039,Telangana,Hyderabad
1040,Telangana,Ranga Reddy
1041,Gujarat,Surat
1042,Haryana,Sonipat
1043,Telangana,Hyderabad
1044,Telangana,Ranga Reddy
1045,Gujarat,Surat
1046,Haryana,Sonipat
1047,Telangana,Hyderabad
1048,Telangana,Ranga Reddy
1049,Gujarat,Surat
1050,Haryana,Sonipat
1051,Telangana,Hyderabad
1052,Telangana,Ranga Reddy
1053,Gujarat,Surat
1054,Haryana,Sonipat
1055,Telangana,Hyderabad
1056,Telangana,Ranga Reddy
1057,Gujarat,Surat
1058,Haryana,Sonipat
1059,Telangana,Hyderabad
1060,Telangana,Ranga Reddy
1061,Gujarat,Surat
1062,Haryana,Sonipat
1063,Telangana,Hyderabad
1064,Telangana,Ranga Reddy
1065,Gujarat,Surat
1066,Haryana,Sonipat
1067,Telangana,Hyderabad
1068,Telangana,Ranga Reddy
1069,Gujarat,Surat
1070,Haryana,Sonipat
1071,Telangana,Hyderabad
1072,Telangana,Ranga Reddy
1073,Gujarat,Surat
1074,Haryana,Sonipat
1075,Telangana,Hyderabad
1076,Telangana,Ranga Reddy
1077,Gujarat,Surat
1078,Haryana,Sonipat
1079,Telangana,Hyderabad
1080,Telangana,Ranga Reddy
1081,Gujarat,Surat
1082,Haryana,Sonipat
1083,Telangana,Hyderabad
1084,Telangana,Ranga Reddy
1085,Gujarat,Surat
1086,Haryana,Sonipat
1087,Telangana,Hyderabad
1088,Telangana,Ranga Reddy
1089,Gujarat,Surat
1090,Haryana,Sonipat
1091,Telangana,Hyderabad
1092,Telangana,Ranga Reddy
1093,Gujarat,Surat
1094,Haryana,Sonipat
1095,Telangana,Hyderabad
1096,Telangana,Ranga Reddy
1097,Gujarat,Surat
1098,Haryana,Sonipat
1099,Telangana,Hyderabad
1100,Telangana,Ranga Reddy
1101,Gujarat,Surat
1102,Haryana,Sonipat
1103,Telangana,Hyderabad
1104,Telangana,Ranga Reddy
1105,Gujarat,Surat
1106,Haryana,Sonipat
1107,Telangana,Hyderabad
1108,Telangana,Ranga Reddy
1109,Gujarat,Surat
1110,Haryana,Sonipat
1111,Telangana,Hyderabad
1112,Telangana,Ranga Reddy
1113,Gujarat,Surat
1114,Haryana,Sonipat
1115,Telangana,Hyderabad
1116,Telangana,Ranga Reddy
1117,Gujarat,Surat
1118,Haryana,Sonipat
1119,Telangana,Hyderabad
1120,Telangana,Ranga Reddy
1121,Gujarat,Surat
1122,Haryana,Sonipat
1123,Telangana,Hyderabad
1124,Telangana,Ranga Reddy
1125,Gujarat,Surat
1126,Haryana,Sonipat
1127,Telangana,Hyderabad
1128,Telangana,Ranga Reddy
1129,Gujarat,Surat
1130,Haryana,Sonipat
1131,Telangana,Hyderabad
1132,Telangana,Ranga Reddy
1133,Gujarat,Surat
1134,Haryana,Sonipat
1135,Telangana,Hyderabad
1136,Telangana,Ranga Reddy
1137,Gujarat,Surat
1138,Haryana,Sonipat
1139,Telangana,Hyderabad
1140,Telangana,Ranga Reddy
1141,Gujarat,Surat
1142,Haryana,Sonipat
1143,Telangana,Hyderabad
1144,Telangana,Ranga Reddy
1145,Gujarat,Surat
1146,Haryana,Sonipat
1147,Telangana,Hyderabad
1148,Telangana,Ranga Reddy
1149,Gujarat,Surat
1150,Haryana,Sonipat
1151,Telangana,Hyderabad
1152,Telangana,Ranga Reddy
1153,Gujarat,Surat
1154,Haryana,Sonipat
1155,Telangana,Hyderabad
1156,Telangana,Ranga Reddy
1157,Gujarat,Surat
1158,Haryana,Sonipat
1159,Telangana,Hyderabad
1160,Telangana,Ranga Reddy
1161,Gujarat,Surat
1162,Haryana,Sonipat
1163,Telangana,Hyderabad
1164,Telangana,Ranga Reddy
1165,Gujarat,Surat
1166,Haryana,Sonipat
1167,Telangana,Hyderabad
1168,Telangana,Ranga Reddy
1169,Gujarat,Surat
1170,Haryana,Sonipat
1171,Telangana,Hyderabad
1172,Telangana,Ranga Reddy
1173,Gujarat,Surat
1174,Haryana,Sonipat
1175,Telangana,Hyderabad
1176,Telangana,Ranga Reddy
1177,Gujarat,Surat
1178,Haryana,Sonipat
1179,Telangana,Hyderabad
1180,Telangana,Ranga Reddy
1181,Gujarat,Surat
1182,Haryana,Sonipat
1183,Telangana,Hyderabad
1184,Telangana,Ranga Reddy
1185,Gujarat,Surat
1186,Haryana,Sonipat
1187,Telangana,Hyderabad
1188,Telangana,Ranga Reddy
1189,Gujarat,Surat
1190,Haryana,Sonipat
1191,Telangana,Hyderabad
1192,Telangana,Ranga Reddy
1193,Gujarat,Surat
1194,Haryana,Sonipat
1195,Telangana,Hyderabad
1196,Telangana,Ranga Reddy
1197,Gujarat,Surat
1198,Haryana,Sonipat
1199,Telangana,Hyderabad
1200,Telangana,Ranga Reddy
1201,Gujarat,Surat
1202,Haryana,Sonipat
1203,Telangana,Hyderabad
1204,Telangana,Ranga Reddy
1205,Gujarat,Surat
1206,Haryana,Sonipat
1207,Telangana,Hyderabad
1208,Telangana,Ranga Reddy
1209,Gujarat,Surat
1210,Haryana,Sonipat
1211,Telangana,Hyderabad
1212,Telangana,Ranga Reddy
1213,Gujarat,Surat
1214,Haryana,Sonipat
1215,Telangana,Hyderabad
1216,Telangana,Ranga Reddy
1217,Gujarat,Surat
1218,Haryana,Sonipat
1219,Telangana,Hyderabad
1220,Telangana,Ranga Reddy
1221,Gujarat,Surat
1222,Haryana,Sonipat
1223,Telangana,Hyderabad
1224,Telangana,Ranga Reddy
1225,Gujarat,Surat
1226,Haryana,Sonipat
1227,Telangana,Hyderabad
1228,Telangana,Ranga Reddy
1229,Gujarat,Surat
1230,Haryana,Sonipat
1231,Telangana,Hyderabad
1232,Telangana,Ranga Reddy
1233,Gujarat,Surat
1234,Haryana,Sonipat
1235,Telangana,Hyderabad
1236,Telangana,Ranga Reddy
1237,Gujarat,Surat
1238,Haryana,Sonipat
1239,Telangana,Hyderabad
1240,Telangana,Ranga Reddy
1241,Gujarat,Surat
1242,Haryana,Sonipat
1243,Telangana,Hyderabad
1244,Telangana,Ranga Reddy
1245,Gujarat,Surat
1246,Haryana,Sonipat
1247,Telangana,Hyderabad
1248,Telangana,Ranga Reddy
1249,Gujarat,Surat
1250,Haryana,Sonipat
1251,Telangana,Hyderabad
1252,Telangana,Ranga Reddy
1253,Gujarat,Surat
1254,Haryana,Sonipat
1255,Telangana,Hyderabad
1256,Telangana,Ranga Reddy
1257,Gujarat,Surat
1258,Haryana,Sonipat
1259,Telangana,Hyderabad
1260,Telangana,Ranga Reddy
1261,Gujarat,Surat
1262,Haryana,Sonipat
1263,Telangana,Hyderabad
1264,Telangana,Ranga Reddy
1265,Gujarat,Surat
1266,Haryana,Sonipat
1267,Telangana,Hyderabad
1268,Telangana,Ranga Reddy
1269,Gujarat,Surat
1270,Haryana,Sonipat
1271,Telangana,Hyderabad
1272,Telangana,Ranga Reddy
1273,Gujarat,Surat
1274,Haryana,Sonipat
1275,Telangana,Hyderabad
1276,Telangana,Ranga Reddy
1277,Gujarat,Surat
1278,Haryana,Sonipat
1279,Telangana,Hyderabad
1280,Telangana,Ranga Reddy
1281,Gujarat,Surat
1282,Haryana,Sonipat
1283,Telangana,Hyderabad
1284,Telangana,Ranga Reddy
1285,Gujarat,Surat
1286,Haryana,Sonipat
1287,Telangana,Hyderabad
1288,Telangana,Ranga Reddy
1289,Gujarat,Surat
1290,Haryana,Sonipat
1291,Telangana,Hyderabad
1292,Telangana,Ranga Reddy
1293,Gujarat,Surat
1294,Haryana,Sonipat
1295,Telangana,Hyderabad
1296,Telangana,Ranga Reddy
1297,Gujarat,Surat
1298,Haryana,Sonipat
1299,Telangana,Hyderabad
1300,Telangana,Ranga Reddy
1301,Gujarat,Surat
1302,Haryana,Sonipat
1303,Telangana,Hyderabad
1304,Telangana,Ranga Reddy
1305,Gujarat,Surat
1306,Haryana,Sonipat
1307,Telangana,Hyderabad
1308,Telangana,Ranga Reddy
1309,Gujarat,Surat
1310,Haryana,Sonipat
1311,Telangana,Hyderabad
1312,Telangana,Ranga Reddy
1313,Gujarat,Surat
1314,Haryana,Sonipat
1315,Telangana,Hyderabad
1316,Telangana,Ranga Reddy
1317,Gujarat,Surat
1318,Haryana,Sonipat
1319,Telangana,Hyderabad
1320,Telangana,Ranga Reddy
1321,Gujarat,Surat
1322,Haryana,Sonipat
1323,Telangana,Hyderabad
1324,Telangana,Ranga Reddy
1325,Gujarat,Surat
1326,Haryana,Sonipat
1327,Telangana,Hyderabad
1328,Telangana,Ranga Reddy
1329,Gujarat,Surat
1330,Haryana,Sonipat
1331,Telangana,Hyderabad
1332,Telangana,Ranga Reddy
1333,Gujarat,Surat
1334,Haryana,Sonipat
1335,Telangana,Hyderabad
1336,Telangana,Ranga Reddy
1337,Gujarat,Surat
1338,Haryana,Sonipat
1339,Telangana,Hyderabad
1340,Telangana,Ranga Reddy
1341,Gujarat,Surat
1342,Haryana,Sonipat
1343,Telangana,Hyderabad
1344,Telangana,Ranga Reddy
1345,Gujarat,Surat
1346,Haryana,Sonipat
1347,Telangana,Hyderabad
1348,Telangana,Ranga Reddy
1349,Gujarat,Surat
1350,Haryana,Sonipat
1351,Telangana,Hyderabad
1352,Telangana,Ranga Reddy
1353,Gujarat,Surat
1354,Haryana,Sonipat
1355,Telangana,Hyderabad
1356,Telangana,Ranga Reddy
1357,Gujarat,Surat
1358,Haryana,Sonipat
1359,Telangana,Hyderabad
1360,Telangana,Ranga Reddy
1361,Gujarat,Surat
1362,Haryana,Sonipat
1363,Telangana,Hyderabad
1364,Telangana,Ranga Reddy
1365,Gujarat,Surat
1366,Haryana,Sonipat
1367,Telangana,Hyderabad
1368,Telangana,Ranga Reddy
1369,Gujarat,Surat
1370,Haryana,Sonipat
1371,Telangana,Hyderabad
1372,Telangana,Ranga Reddy
1373,Gujarat,Surat
1374,Haryana,Sonipat
1375,Telangana,Hyderabad
1376,Telangana,Ranga Reddy
1377,Gujarat,Surat
1378,Kerala,Wayanad
1379,Kerala,Idukki
1380,Kerala,Kollam
1381,Telangana,Hyderabad
1382,Telangana,Ranga Reddy
1383,Gujarat,Surat
1384,Kerala,Wayanad
1385,Kerala,Idukki
1386,Kerala,Kollam
1387,Telangana,Hyderabad
1388,Telangana,Ranga Reddy
1389,Gujarat,Surat
1390,Kerala,Wayanad
1391,Kerala,Idukki
1392,Kerala,Kollam
1393,Telangana,Hyderabad
1394,Telangana,Ranga Reddy
1395,Gujarat,Surat
1396,Kerala,Wayanad
1397,Kerala,Idukki
1398,Kerala,Kollam
1399,Telangana,Hyderabad
1400,Telangana,Ranga Reddy
1401,Gujarat,Surat
1402,Kerala,Wayanad
1403,Kerala,Idukki
1404,Kerala,Kollam
1405,Telangana,Hyderabad
1406,Telangana,Ranga Reddy
1407,Gujarat,Surat
1408,Kerala,Wayanad
1409,Kerala,Idukki
1410,Kerala,Kollam
1411,Telangana,Hyderabad
1412,Telangana,Ranga Reddy
1413,Gujarat,Surat
1414,Kerala,Wayanad
1415,Kerala,Idukki
1416,Kerala,Kollam
1417,Telangana,Hyderabad
1418,Telangana,Ranga Reddy
1419,Gujarat,Surat
1420,Kerala,Wayanad
1421,Kerala,Idukki
1422,Kerala,Kollam
1423,Telangana,Hyderabad
1424,Telangana,Ranga Reddy
1425,Gujarat,Surat
1426,Kerala,Wayanad
1427,Kerala,Idukki
1428,Kerala,Kollam
1429,Telangana,Hyderabad
1430,Telangana,Ranga Reddy
1431,Gujarat,Surat
1432,Kerala,Wayanad
1433,Kerala,Idukki
1434,Kerala,Kollam
1435,Telangana,Hyderabad
1436,Telangana,Ranga Reddy
1437,Gujarat,Surat
1438,Kerala,Wayanad
1439,Kerala,Idukki
1440,Kerala,Kollam
1441,Telangana,Hyderabad
1442,Telangana,Ranga Reddy
1443,Gujarat,Surat
1444,Kerala,Wayanad
1445,Kerala,Idukki
1446,Kerala,Kollam
1447,Telangana,Hyderabad
1448,Telangana,Ranga Reddy
1449,Gujarat,Surat
1450,Kerala,Wayanad
1451,Kerala,Idukki
1452,Kerala,Kollam
1453,Telangana,Hyderabad
1454,Telangana,Ranga Reddy
1455,Gujarat,Surat
1456,Kerala,Wayanad
1457,Kerala,Idukki
1458,Kerala,Kollam
1459,Telangana,Hyderabad
1460,Telangana,Ranga Reddy
1461,Gujarat,Surat
1462,Kerala,Wayanad
1463,Kerala,Idukki
1464,Kerala,Kollam
1465,Telangana,Hyderabad
1466,Telangana,Ranga Reddy
1467,Gujarat,Surat
1468,Kerala,Wayanad
1469,Kerala,Idukki
1470,Kerala,Kollam
1471,Telangana,Hyderabad
1472,Telangana,Ranga Reddy
1473,Gujarat,Surat
1474,Kerala,Wayanad
1475,Kerala,Idukki
1476,Kerala,Kollam
1477,Telangana,Hyderabad
1478,Telangana,Ranga Reddy
1479,Gujarat,Surat
1480,Kerala,Wayanad
1481,Kerala,Idukki
1482,Kerala,Kollam
1483,Telangana,Hyderabad
1484,Telangana,Ranga Reddy
1485,Gujarat,Surat
1486,Kerala,Wayanad
1487,Kerala,Idukki
1488,Kerala,Kollam
1489,Telangana,Hyderabad
1490,Telangana,Ranga Reddy
1491,Gujarat,Surat
1492,Kerala,Wayanad
1493,Kerala,Idukki
1494,Kerala,Kollam
1495,Telangana,Hyderabad
1496,Telangana,Ranga Reddy
1497,Gujarat,Surat
1498,Kerala,Wayanad
1499,Kerala,Idukki
1500,Kerala,Kollam
1501,Telangana,Hyderabad
1502,Telangana,Ranga Reddy
1503,Gujarat,Surat
1504,Kerala,Wayanad
1505,Kerala,Idukki
1506,Kerala,Kollam
1507,Telangana,Hyderabad
1508,Telangana,Ranga Reddy
1509,Gujarat,Surat
1510,Kerala,Wayanad
1511,Kerala,Idukki
1512,Kerala,Kollam
1513,Telangana,Hyderabad
1514,Telangana,Ranga Reddy
1515,Gujarat,Surat
1516,Kerala,Wayanad
1517,Kerala,Idukki
1518,Kerala,Kollam
1519,Telangana,Hyderabad
1520,Telangana,Ranga Reddy
1521,Gujarat,Surat
1522,Kerala,Wayanad
1523,Kerala,Idukki
1524,Kerala,Kollam
1525,Telangana,Hyderabad
1526,Telangana,Ranga Reddy
1527,Gujarat,Surat
1528,Kerala,Wayanad
1529,Kerala,Idukki
1530,Kerala,Kollam
1531,Telangana,Hyderabad
1532,Telangana,Ranga Reddy
1533,Gujarat,Surat
1534,Kerala,Wayanad
1535,Kerala,Idukki
1536,Kerala,Kollam
1537,Telangana,Hyderabad
1538,Telangana,Ranga Reddy
1539,Gujarat,Surat
1540,Kerala,Wayanad
1541,Kerala,Idukki
1542,Kerala,Kollam
1543,Telangana,Hyderabad
1544,Telangana,Ranga Reddy
1545,Gujarat,Surat
1546,Kerala,Wayanad
1547,Kerala,Idukki
1548,Kerala,Kollam
1549,Telangana,Hyderabad
1550,Telangana,Ranga Reddy
1551,Gujarat,Surat
1552,Kerala,Wayanad
1553,Kerala,Idukki
1554,Kerala,Kollam
1555,Telangana,Hyderabad
1556,Telangana,Ranga Reddy
1557,Gujarat,Surat
1558,Kerala,Wayanad
1559,Kerala,Idukki
1560,Kerala,Kollam
1561,Telangana,Hyderabad
1562,Telangana,Ranga Reddy
1563,Gujarat,Surat
1564,Kerala,Wayanad
1565,Kerala,Idukki
1566,Kerala,Kollam
1567,Telangana,Hyderabad
1568,Telangana,Ranga Reddy
1569,Gujarat,Surat
1570,Kerala,Wayanad
1571,Kerala,Idukki
1572,Kerala,Kollam
1573,Telangana,Hyderabad
1574,Telangana,Ranga Reddy
1575,Gujarat,Surat
1576,Kerala,Wayanad
1577,Kerala,Idukki
1578,Kerala,Kollam
1579,Telangana,Hyderabad
1580,Telangana,Ranga Reddy
1581,Gujarat,Surat
1582,Kerala,Wayanad
1583,Kerala,Idukki
1584,Kerala,Kollam
1585,Telangana,Hyderabad
1586,Telangana,Ranga Reddy
1587,Gujarat,Surat
1588,Kerala,Wayanad
1589,Kerala,Idukki
1590,Kerala,Kollam
1591,Telangana,Hyderabad
1592,Telangana,Ranga Reddy
1593,Gujarat,Surat
1594,Kerala,Wayanad
1595,Kerala,Idukki
1596,Kerala,Kollam
1597,Telangana,Hyderabad
1598,Telangana,Ranga Reddy
1599,Gujarat,Surat
1600,Kerala,Wayanad
1601,Kerala,Idukki
1602,Kerala,Kollam
1603,Telangana,Hyderabad
1604,Telangana,Ranga Reddy
1605,Gujarat,Surat
1606,Kerala,Wayanad
1607,Kerala,Idukki
1608,Kerala,Kollam
1609,Telangana,Hyderabad
1610,Telangana,Ranga Reddy
1611,Gujarat,Surat
1612,Kerala,Wayanad
1613,Kerala,Idukki
1614,Kerala,Kollam
1615,Telangana,Hyderabad
1616,Telangana,Ranga Reddy
1617,Gujarat,Surat
1618,Kerala,Wayanad
1619,Kerala,Idukki
1620,Kerala,Kollam
1621,Telangana,Hyderabad
1622,Telangana,Ranga Reddy
1623,Gujarat,Surat
1624,Kerala,Wayanad
1625,Kerala,Idukki
1626,Kerala,Kollam
1627,Telangana,Hyderabad
1628,Telangana,Ranga Reddy
1629,Gujarat,Surat
1630,Kerala,Wayanad
1631,Kerala,Idukki
1632,Kerala,Kollam
1633,Telangana,Hyderabad
1634,Telangana,Ranga Reddy
1635,Gujarat,Surat
1636,Kerala,Wayanad
1637,Kerala,Idukki
1638,Kerala,Kollam
1639,Telangana,Hyderabad
1640,Telangana,Ranga Reddy
1641,Gujarat,Surat
1642,Kerala,Wayanad
1643,Kerala,Idukki
1644,Kerala,Kollam
1645,Telangana,Hyderabad
1646,Telangana,Ranga Reddy
1647,Gujarat,Surat
1648,Kerala,Wayanad
1649,Kerala,Idukki
1650,Kerala,Kollam
1651,Telangana,Hyderabad
1652,Telangana,Ranga Reddy
1653,Gujarat,Surat
1654,Kerala,Wayanad
1655,Kerala,Idukki
1656,Kerala,Kollam
1657,Telangana,Hyderabad
1658,Telangana,Ranga Reddy
1659,Gujarat,Surat
1660,Kerala,Wayanad
1661,Kerala,Idukki
1662,Kerala,Kollam
1663,Telangana,Hyderabad
1664,Telangana,Ranga Reddy
1665,Gujarat,Surat
1666,Kerala,Wayanad
1667,Kerala,Idukki
1668,Kerala,Kollam
1669,Telangana,Hyderabad
1670,Telangana,Ranga Reddy
1671,Gujarat,Surat
1672,Kerala,Wayanad
1673,Kerala,Idukki
1674,Kerala,Kollam
1675,Telangana,Hyderabad
1676,Telangana,Ranga Reddy
1677,Gujarat,Surat
1678,Kerala,Wayanad
1679,Kerala,Idukki
1680,Kerala,Kollam
1681,Telangana,Hyderabad
1682,Telangana,Ranga Reddy
1683,Gujarat,Surat
1684,Kerala,Wayanad
1685,Kerala,Idukki
1686,Kerala,Kollam
1687,Telangana,Hyderabad
1688,Telangana,Ranga Reddy
1689,Gujarat,Surat
1690,Kerala,Wayanad
1691,Kerala,Idukki
1692,Kerala,Kollam
1693,Telangana,Hyderabad
1694,Telangana,Ranga Reddy
1695,Gujarat,Surat
1696,Kerala,Wayanad
1697,Kerala,Idukki
1698,Kerala,Kollam
1699,Telangana,Hyderabad
1700,Telangana,Ranga Reddy
1701,Gujarat,Surat
1702,Kerala,Wayanad
1703,Kerala,Idukki
1704,Kerala,Kollam
1705,Telangana,Hyderabad
1706,Telangana,Ranga Reddy
1707,Gujarat,Surat
1708,Kerala,Wayanad
1709,Kerala,Idukki
1710,Kerala,Kollam
1711,Telangana,Hyderabad
1712,Telangana,Ranga Reddy
1713,Gujarat,Surat
1714,Kerala,Wayanad
1715,Kerala,Idukki
1716,Kerala,Kollam
1717,Telangana,Hyderabad
1718,Telangana,Ranga Reddy
1719,Gujarat,Surat
1720,Kerala,Wayanad
1721,Kerala,Idukki
1722,Kerala,Kollam
1723,Telangana,Hyderabad
1724,Telangana,Ranga Reddy
1725,Gujarat,Surat
1726,Kerala,Wayanad
1727,Kerala,Idukki
1728,Kerala,Kollam
1729,Telangana,Hyderabad
1730,Telangana,Ranga Reddy
1731,Gujarat,Surat
1732,Kerala,Wayanad
1733,Kerala,Idukki
1734,Kerala,Kollam
1735,Telangana,Hyderabad
1736,Telangana,Ranga Reddy
1737,Gujarat,Surat
1738,Kerala,Wayanad
1739,Kerala,Idukki
1740,Kerala,Kollam
1741,Telangana,Hyderabad
1742,Telangana,Ranga Reddy
1743,Gujarat,Surat
1744,Kerala,Wayanad
1745,Kerala,Idukki
1746,Kerala,Kollam
1747,Telangana,Hyderabad
1748,Telangana,Ranga Reddy
1749,Gujarat,Surat
1750,Kerala,Wayanad
1751,Kerala,Idukki
1752,Kerala,Kollam
1753,Telangana,Hyderabad
1754,Telangana,Ranga Reddy
1755,Gujarat,Surat
1756,Kerala,Wayanad
1757,Kerala,Idukki
1758,Kerala,Kollam
1759,Telangana,Hyderabad
1760,Telangana,Ranga Reddy
1761,Gujarat,Surat
1762,Kerala,Wayanad
1763,Kerala,Idukki
1764,Kerala,Kollam
1765,Telangana,Hyderabad
1766,Telangana,Ranga Reddy
1767,Gujarat,Surat
1768,Kerala,Wayanad
1769,Kerala,Idukki
1770,Kerala,Kollam
1771,Telangana,Hyderabad
1772,Telangana,Ranga Reddy
1773,Gujarat,Surat
1774,Kerala,Wayanad
1775,Kerala,Idukki
1776,Kerala,Kollam
1777,Telangana,Hyderabad
1778,Telangana,Ranga Reddy
1779,Gujarat,Surat
1780,Kerala,Wayanad
1781,Kerala,Idukki
1782,Kerala,Kollam
1783,Telangana,Hyderabad
1784,Telangana,Ranga Reddy
1785,Gujarat,Surat
1786,Kerala,Wayanad
1787,Kerala,Idukki
1788,Kerala,Kollam
1789,Telangana,Hyderabad
1790,Telangana,Ranga Reddy
1791,Gujarat,Surat
1792,Kerala,Wayanad
1793,Kerala,Idukki
1794,Kerala,Kollam
1795,Telangana,Hyderabad
1796,Telangana,Ranga Reddy
1797,Gujarat,Surat
1798,Kerala,Wayanad
1799,Kerala,Idukki
1800,Kerala,Kollam
1801,Telangana,Hyderabad
1802,Telangana,Ranga Reddy
1803,Gujarat,Surat
1804,Kerala,Wayanad
1805,Kerala,Idukki
1806,Kerala,Kollam
1807,Telangana,Hyderabad
1808,Telangana,Ranga Reddy
1809,Gujarat,Surat
1810,Kerala,Wayanad
1811,Kerala,Idukki
1812,Kerala,Kollam
1813,Telangana,Hyderabad
1814,Telangana,Ranga Reddy
1815,Gujarat,Surat
1816,Kerala,Wayanad
1817,Kerala,Idukki
1818,Kerala,Kollam
1819,Telangana,Hyderabad
1820,Telangana,Ranga Reddy
1821,Gujarat,Surat
1822,Kerala,Wayanad
1823,Kerala,Idukki
1824,Kerala,Kollam
1825,Telangana,Hyderabad
1826,Telangana,Ranga Reddy
1827,Gujarat,Surat
1828,Kerala,Wayanad
1829,Kerala,Idukki
1830,Kerala,Kollam
1831,Telangana,Hyderabad
1832,Telangana,Ranga Reddy
1833,Gujarat,Surat
1834,Kerala,Wayanad
1835,Kerala,Idukki
1836,Kerala,Kollam
1837,Telangana,Hyderabad
1838,Telangana,Ranga Reddy
1839,Gujarat,Surat
1840,Kerala,Wayanad
1841,Kerala,Idukki
1842,Kerala,Kollam
1843,Telangana,Hyderabad
1844,Telangana,Ranga Reddy
1845,Gujarat,Surat
1846,Kerala,Wayanad
1847,Kerala,Idukki
1848,Kerala,Kollam
1849,Telangana,Hyderabad
1850,Telangana,Ranga Reddy
1851,Gujarat,Surat
1852,Kerala,Wayanad
1853,Kerala,Idukki
1854,Kerala,Kollam
1855,Telangana,Hyderabad
1856,Telangana,Ranga Reddy
1857,Gujarat,Surat
1858,Kerala,Wayanad
1859,Kerala,Idukki
1860,Kerala,Kollam
1861,Telangana,Hyderabad
1862,Telangana,Ranga Reddy
1863,Gujarat,Surat
1864,Kerala,Wayanad
1865,Kerala,Idukki
1866,Kerala,Kollam
1867,Telangana,Hyderabad
1868,Telangana,Ranga Reddy
1869,Gujarat,Surat
1870,Kerala,Wayanad
1871,Kerala,Idukki
1872,Kerala,Kollam
1873,Telangana,Hyderabad
1874,Telangana,Ranga Reddy
1875,Gujarat,Surat
1876,Kerala,Wayanad
1877,Kerala,Idukki
1878,Kerala,Kollam
1879,Telangana,Hyderabad
1880,Telangana,Ranga Reddy
1881,Gujarat,Surat
1882,Kerala,Wayanad
1883,Kerala,Idukki
1884,Kerala,Kollam
1885,Telangana,Hyderabad
1886,Telangana,Ranga Reddy
1887,Gujarat,Surat
1888,Kerala,Wayanad
1889,Kerala,Idukki
1890,Kerala,Kollam
1891,Telangana,Hyderabad
1892,Telangana,Ranga Reddy
1893,Gujarat,Surat
1894,Kerala,Wayanad
1895,Kerala,Idukki
1896,Kerala,Kollam
1897,Telangana,Hyderabad
1898,Telangana,Ranga Reddy
1899,Gujarat,Surat
1900,Kerala,Wayanad
1901,Kerala,Idukki
1902,Kerala,Kollam
1903,Telangana,Hyderabad
1904,Telangana,Ranga Reddy
1905,Gujarat,Surat
1906,Kerala,Wayanad
1907,Kerala,Idukki
1908,Kerala,Kollam
1909,Telangana,Hyderabad
1910,Telangana,Ranga Reddy
1911,Gujarat,Surat
1912,Kerala,Wayanad
1913,Kerala,Idukki
1914,Kerala,Kollam
1915,Telangana,Hyderabad
1916,Telangana,Ranga Reddy
1917,Gujarat,Surat
1918,Kerala,Wayanad
1919,Kerala,Idukki
1920,Kerala,Kollam
1921,Telangana,Hyderabad
1922,Telangana,Ranga Reddy
1923,Gujarat,Surat
1924,Kerala,Wayanad
1925,Kerala,Idukki
1926,Kerala,Kollam
1927,Telangana,Hyderabad
1928,Telangana,Ranga Reddy
1929,Gujarat,Surat
1930,Kerala,Wayanad
1931,Kerala,Idukki
1932,Kerala,Kollam
1933,Telangana,Hyderabad
1934,Telangana,Ranga Reddy
1935,Gujarat,Surat
1936,Kerala,Wayanad
1937,Kerala,Idukki
1938,Kerala,Kollam
1939,Telangana,Hyderabad
1940,Telangana,Ranga Reddy
1941,Gujarat,Surat
1942,Kerala,Wayanad
1943,Kerala,Idukki
1944,Kerala,Kollam
1945,Telangana,Hyderabad
1946,Telangana,Ranga Reddy
1947,Gujarat,Surat
1948,Kerala,Wayanad
1949,Kerala,Idukki
1950,Kerala,Kollam
1951,Telangana,Hyderabad
1952,Telangana,Ranga Reddy
1953,Gujarat,Surat
1954,Kerala,Wayanad
1955,Kerala,Idukki
1956,Kerala,Kollam
1957,Telangana,Hyderabad
1958,Telangana,Ranga Reddy
1959,Gujarat,Surat
1960,Kerala,Wayanad
1961,Kerala,Idukki
1962,Kerala,Kollam
1963,Telangana,Hyderabad
1964,Telangana,Ranga Reddy
1965,Gujarat,Surat
1966,Kerala,Wayanad
1967,Kerala,Idukki
1968,Kerala,Kollam
1969,Telangana,Hyderabad
1970,Telangana,Ranga Reddy
1971,Gujarat,Surat
1972,Kerala,Wayanad
1973,Kerala,Idukki
1974,Kerala,Kollam
1975,Telangana,Hyderabad
1976,Telangana,Ranga Reddy
1977,Gujarat,Surat
1978,Kerala,Wayanad
1979,Kerala,Idukki
1980,Kerala,Kollam
1981,Telangana,Hyderabad
1982,Telangana,Ranga Reddy
1983,Gujarat,Surat
1984,Kerala,Wayanad
1985,Kerala,Idukki
1986,Kerala,Kollam
1987,Telangana,Hyderabad
1988,Telangana,Ranga Reddy
1989,Gujarat,Surat
1990,Kerala,Wayanad
1991,Kerala,Idukki
1992,Kerala,Kollam
1993,Telangana,Hyderabad
1994,Telangana,Ranga Reddy
1995,Gujarat,Surat
1996,Kerala,Wayanad
1997,Kerala,Idukki
1998,Kerala,Kollam
1999,Telangana,Hyderabad
2000,Telangana,Ranga Reddy
2001,Gujarat,Surat
2002,Kerala,Wayanad
2003,Kerala,Idukki
2004,Kerala,Kollam
2005,Telangana,Hyderabad
2006,Telangana,Ranga Reddy
2007,Gujarat,Surat
2008,Kerala,Wayanad
2009,Kerala,Idukki
2010,Kerala,Kollam
2011,Telangana,Hyderabad
2012,Telangana,Ranga Reddy
2013,Gujarat,Surat
2014,Kerala,Wayanad
2015,Kerala,Idukki
2016,Kerala,Kollam
2017,Telangana,Hyderabad
2018,Telangana,Ranga Reddy
2019,Gujarat,Surat
2020,Kerala,Wayanad
2021,Kerala,Idukki
2022,Kerala,Kollam
2023,Telangana,Hyderabad
2024,Telangana,Ranga Reddy
2025,Gujarat,Surat
2026,Kerala,Wayanad
2027,Kerala,Idukki
2028,Kerala,Kollam
2029,Telangana,Hyderabad
2030,Telangana,Ranga Reddy
2031,Gujarat,Surat
2032,Kerala,Wayanad
2033,Kerala,Idukki
2034,Kerala,Kollam
2035,Telangana,Hyderabad
2036,Telangana,Ranga Reddy
2037,Gujarat,Surat
2038,Kerala,Wayanad
2039,Kerala,Idukki
2040,Kerala,Kollam
2041,Telangana,Hyderabad
2042,Telangana,Ranga Reddy
2043,Gujarat,Surat
2044,Kerala,Wayanad
2045,Kerala,Idukki
2046,Kerala,Kollam
2047,Telangana,Hyderabad
2048,Telangana,Ranga Reddy
2049,Gujarat,Surat
2050,Kerala,Wayanad
2051,Kerala,Idukki
2052,Kerala,Kollam
2053,Telangana,Hyderabad
2054,Telangana,Ranga Reddy
2055,Gujarat,Surat
2056,Kerala,Wayanad
2057,Kerala,Idukki
2058,Kerala,Kollam
2059,Telangana,Hyderabad
2060,Telangana,Ranga Reddy
2061,Gujarat,Surat
2062,Kerala,Wayanad
2063,Kerala,Idukki
2064,Kerala,Kollam
2065,Telangana,Hyderabad
2066,Telangana,Ranga Reddy
2067,Gujarat,Surat
2068,Kerala,Wayanad
2069,Kerala,Idukki
2070,Kerala,Kollam
2071,Telangana,Hyderabad
2072,Telangana,Ranga Reddy
2073,Gujarat,Surat
2074,Kerala,Wayanad
2075,Kerala,Idukki
2076,Kerala,Kollam
2077,Telangana,Hyderabad
2078,Telangana,Ranga Reddy
2079,Gujarat,Surat
2080,Kerala,Wayanad
2081,Kerala,Idukki
2082,Kerala,Kollam
2083,Telangana,Hyderabad
2084,Telangana,Ranga Reddy
2085,Gujarat,Surat
2086,Kerala,Wayanad
2087,Kerala,Idukki
2088,Kerala,Kollam
2089,Telangana,Hyderabad
2090,Telangana,Ranga Reddy
2091,Gujarat,Surat
2092,Kerala,Wayanad
2093,Kerala,Idukki
2094,Kerala,Kollam
2095,Telangana,Hyderabad
2096,Telangana,Ranga Reddy
2097,Gujarat,Surat
2098,Kerala,Wayanad
2099,Kerala,Idukki
2100,Kerala,Kollam
2101,Telangana,Hyderabad
2102,Telangana,Ranga Reddy
2103,Gujarat,Surat
2104,Kerala,Wayanad
2105,Kerala,Idukki
2106,Kerala,Kollam
2107,Telangana,Hyderabad
2108,Telangana,Ranga Reddy
2109,Gujarat,Surat
2110,Kerala,Wayanad
2111,Kerala,Idukki
2112,Kerala,Kollam
2113,Telangana,Hyderabad
2114,Telangana,Ranga Reddy
2115,Gujarat,Surat
2116,Kerala,Wayanad
2117,Kerala,Idukki
2118,Kerala,Kollam
2119,Telangana,Hyderabad
2120,Telangana,Ranga Reddy
2121,Gujarat,Surat
2122,Kerala,Wayanad
2123,Kerala,Idukki
2124,Kerala,Kollam
2125,Telangana,Hyderabad
2126,Telangana,Ranga Reddy
2127,Gujarat,Surat
2128,Kerala,Wayanad
2129,Kerala,Idukki
2130,Kerala,Kollam
2131,Telangana,Hyderabad
2132,Telangana,Ranga Reddy
2133,Gujarat,Surat
2134,Kerala,Wayanad
2135,Kerala,Idukki
2136,Kerala,Kollam
2137,Telangana,Hyderabad
2138,Telangana,Ranga Reddy
2139,Gujarat,Surat
2140,Kerala,Wayanad
2141,Kerala,Idukki
2142,Kerala,Kollam
2143,Telangana,Hyderabad
2144,Telangana,Ranga Reddy
2145,Gujarat,Surat
2146,Kerala,Wayanad
2147,Kerala,Idukki
2148,Kerala,Kollam
2149,Telangana,Hyderabad
2150,Telangana,Ranga Reddy
2151,Gujarat,Surat
2152,Kerala,Wayanad
2153,Kerala,Idukki
2154,Kerala,Kollam
2155,Telangana,Hyderabad
2156,Telangana,Ranga Reddy
2157,Gujarat,Surat
2158,Kerala,Wayanad
2159,Kerala,Idukki
2160,Kerala,Kollam
2161,Telangana,Hyderabad
2162,Telangana,Ranga Reddy
2163,Gujarat,Surat
2164,Kerala,Wayanad
2165,Kerala,Idukki
2166,Kerala,Kollam
2167,Telangana,Hyderabad
2168,Telangana,Ranga Reddy
2169,Gujarat,Surat
2170,Kerala,Wayanad
2171,Kerala,Idukki
2172,Kerala,Kollam
2173,Telangana,Hyderabad
2174,Telangana,Ranga Reddy
2175,Gujarat,Surat
2176,Kerala,Wayanad
2177,Kerala,Idukki
2178,Kerala,Kollam
2179,Telangana,Hyderabad
2180,Telangana,Ranga Reddy
2181,Gujarat,Surat
2182,Kerala,Wayanad
2183,Kerala,Idukki
2184,Kerala,Kollam
2185,Telangana,Hyderabad
2186,Telangana,Ranga Reddy
2187,Gujarat,Surat
2188,Kerala,Wayanad
2189,Kerala,Idukki
2190,Kerala,Kollam
2191,Telangana,Hyderabad
2192,Telangana,Ranga Reddy
2193,Gujarat,Surat
2194,Kerala,Wayanad
2195,Kerala,Idukki
2196,Kerala,Kollam
2197,Telangana,Hyderabad
2198,Telangana,Ranga Reddy
2199,Gujarat,Surat
2200,Kerala,Wayanad
2201,Kerala,Idukki
2202,Kerala,Kollam
2203,Telangana,Hyderabad
2204,Telangana,Ranga Reddy
2205,Gujarat,Surat
2206,Kerala,Wayanad
2207,Kerala,Idukki
2208,Kerala,Kollam
2209,Telangana,Hyderabad
2210,Telangana,Ranga Reddy
2211,Gujarat,Surat
2212,Kerala,Wayanad
2213,Kerala,Idukki
2214,Kerala,Kollam
2215,Telangana,Hyderabad
2216,Telangana,Ranga Reddy
2217,Gujarat,Surat
2218,Kerala,Wayanad
2219,Kerala,Idukki
2220,Kerala,Kollam
2221,Telangana,Hyderabad
2222,Telangana,Ranga Reddy
2223,Gujarat,Surat
2224,Kerala,Wayanad
2225,Kerala,Idukki
2226,Kerala,Kollam
2227,Telangana,Hyderabad
2228,Telangana,Ranga Reddy
2229,Gujarat,Surat
2230,Kerala,Wayanad
2231,Kerala,Idukki
2232,Kerala,Kollam
2233,Telangana,Hyderabad
2234,Telangana,Ranga Reddy
2235,Gujarat,Surat
2236,Kerala,Wayanad
2237,Kerala,Idukki
2238,Kerala,Kollam
2239,Telangana,Hyderabad
2240,Telangana,Ranga Reddy
2241,Gujarat,Surat
2242,Kerala,Wayanad
2243,Kerala,Idukki
2244,Kerala,Kollam
2245,Telangana,Hyderabad
2246,Telangana,Ranga Reddy
2247,Gujarat,Surat
2248,Kerala,Wayanad
2249,Kerala,Idukki
2250,Kerala,Kollam
2251,Telangana,Hyderabad
2252,Telangana,Ranga Reddy
2253,Gujarat,Surat
2254,Kerala,Wayanad
2255,Kerala,Idukki
2256,Kerala,Kollam
2257,Telangana,Hyderabad
2258,Telangana,Ranga Reddy
2259,Gujarat,Surat
2260,Kerala,Wayanad
2261,Kerala,Idukki
2262,Kerala,Kollam
2263,Telangana,Hyderabad
2264,Telangana,Ranga Reddy
2265,Gujarat,Surat
2266,Kerala,Wayanad
2267,Kerala,Idukki
2268,Kerala,Kollam
2269,Telangana,Hyderabad
2270,Telangana,Ranga Reddy
2271,Gujarat,Surat
2272,Kerala,Wayanad
2273,Kerala,Idukki
2274,Kerala,Kollam
2275,Telangana,Hyderabad
2276,Telangana,Ranga Reddy
2277,Gujarat,Surat
2278,Kerala,Wayanad
2279,Kerala,Idukki
2280,Kerala,Kollam
2281,Telangana,Hyderabad
2282,Telangana,Ranga Reddy
2283,Gujarat,Surat
2284,Kerala,Wayanad
2285,Kerala,Idukki
2286,Kerala,Kollam
2287,Telangana,Hyderabad
2288,Telangana,Ranga Reddy
2289,Gujarat,Surat
2290,Kerala,Wayanad
2291,Kerala,Idukki
2292,Kerala,Kollam
2293,Telangana,Hyderabad
2294,Telangana,Ranga Reddy
2295,Gujarat,Surat
2296,Kerala,Wayanad
2297,Kerala,Idukki
2298,Kerala,Kollam
2299,Telangana,Hyderabad
2300,Telangana,Ranga Reddy
2301,Gujarat,Surat
2302,Kerala,Wayanad
2303,Kerala,Idukki
2304,Kerala,Kollam
2305,Telangana,Hyderabad
2306,Telangana,Ranga Reddy
2307,Gujarat,Surat
2308,Kerala,Wayanad
2309,Kerala,Idukki
2310,Kerala,Kollam
2311,Telangana,Hyderabad
2312,Telangana,Ranga Reddy
2313,Gujarat,Surat
2314,Kerala,Wayanad
2315,Kerala,Idukki
2316,Kerala,Kollam
2317,Telangana,Hyderabad
2318,Telangana,Ranga Reddy
2319,Gujarat,Surat
2320,Kerala,Wayanad
2321,Kerala,Idukki
2322,Kerala,Kollam
2323,Telangana,Hyderabad
2324,Telangana,Ranga Reddy
2325,Gujarat,Surat
2326,Kerala,Wayanad
2327,Kerala,Idukki
2328,Kerala,Kollam
2329,Telangana,Hyderabad
2330,Telangana,Ranga Reddy
2331,Gujarat,Surat
2332,Kerala,Wayanad
2333,Kerala,Idukki
2334,Kerala,Kollam
2335,Telangana,Hyderabad
2336,Telangana,Ranga Reddy
2337,Gujarat,Surat
2338,Kerala,Wayanad
2339,Kerala,Idukki
2340,Kerala,Kollam
2341,Telangana,Hyderabad
2342,Telangana,Ranga Reddy
2343,Gujarat,Surat
2344,Kerala,Wayanad
2345,Kerala,Idukki
2346,Kerala,Kollam
2347,Telangana,Hyderabad
2348,Telangana,Ranga Reddy
2349,Gujarat,Surat
2350,Kerala,Wayanad
2351,Kerala,Idukki
2352,Kerala,Kollam
2353,Telangana,Hyderabad
2354,Telangana,Ranga Reddy
2355,Gujarat,Surat
2356,Kerala,Wayanad
2357,Kerala,Idukki
2358,Kerala,Kollam
2359,Telangana,Hyderabad
2360,Telangana,Ranga Reddy
2361,Gujarat,Surat
2362,Kerala,Wayanad
2363,Kerala,Idukki
2364,Kerala,Kollam
2365,Telangana,Hyderabad
2366,Telangana,Ranga Reddy
2367,Gujarat,Surat
2368,Kerala,Wayanad
2369,Kerala,Idukki
2370,Kerala,Kollam
2371,Telangana,Hyderabad
2372,Telangana,Ranga Reddy
2373,Gujarat,Surat
2374,Kerala,Wayanad
2375,Kerala,Idukki
2376,Kerala,Kollam
2377,Telangana,Hyderabad
2378,Telangana,Ranga Reddy
2379,Gujarat,Surat
2380,Kerala,Wayanad
2381,Kerala,Idukki
2382,Kerala,Kollam
2383,Telangana,Hyderabad
2384,Telangana,Ranga Reddy
2385,Gujarat,Surat
2386,Kerala,Wayanad
2387,Kerala,Idukki
2388,Kerala,Kollam
2389,Telangana,Hyderabad
2390,Telangana,Ranga Reddy
2391,Gujarat,Surat
2392,Kerala,Wayanad
2393,Kerala,Idukki
2394,Kerala,Kollam
2395,Telangana,Hyderabad
2396,Telangana,Ranga Reddy
2397,Gujarat,Surat
2398,Kerala,Wayanad
2399,Kerala,Idukki
2400,Kerala,Kollam
2401,Telangana,Hyderabad
2402,Telangana,Ranga Reddy
2403,Gujarat,Surat
2404,Kerala,Wayanad
2405,Kerala,Idukki
2406,Kerala,Kollam
2407,Telangana,Hyderabad
2408,Telangana,Ranga Reddy
2409,Gujarat,Surat
2410,Kerala,Wayanad
2411,Kerala,Idukki
2412,Kerala,Kollam
2413,Telangana,Hyderabad
2414,Telangana,Ranga Reddy
2415,Gujarat,Surat
2416,Kerala,Wayanad
2417,Kerala,Idukki
2418,Kerala,Kollam
2419,Telangana,Hyderabad
2420,Telangana,Ranga Reddy
2421,Gujarat,Surat
2422,Kerala,Wayanad
2423,Kerala,Idukki
2424,Kerala,Kollam
2425,Telangana,Hyderabad
2426,Telangana,Ranga Reddy
2427,Gujarat,Surat
2428,Kerala,Wayanad
2429,Kerala,Idukki
2430,Kerala,Kollam
2431,Telangana,Hyderabad
2432,Telangana,Ranga Reddy
2433,Gujarat,Surat
2434,Kerala,Wayanad
2435,Kerala,Idukki
2436,Kerala,Kollam
2437,Telangana,Hyderabad
2438,Telangana,Ranga Reddy
2439,Gujarat,Surat
2440,Kerala,Wayanad
2441,Kerala,Idukki
2442,Kerala,Kollam
2443,Telangana,Hyderabad
2444,Telangana,Ranga Reddy
2445,Gujarat,Surat
2446,Kerala,Wayanad
2447,Kerala,Idukki
2448,Kerala,Kollam
2449,Telangana,Hyderabad
2450,Telangana,Ranga Reddy
2451,Gujarat,Surat
2452,Kerala,Wayanad
2453,Kerala,Idukki
2454,Kerala,Kollam
2455,Telangana,Hyderabad
2456,Telangana,Ranga Reddy
2457,Gujarat,Surat
2458,Kerala,Wayanad
2459,Kerala,Idukki
2460,Kerala,Kollam
2461,Telangana,Hyderabad
2462,Telangana,Ranga Reddy
2463,Gujarat,Surat
2464,Kerala,Wayanad
2465,Kerala,Idukki
2466,Kerala,Kollam
2467,Telangana,Hyderabad
2468,Telangana,Ranga Reddy
2469,Gujarat,Surat
2470,Kerala,Wayanad
2471,Kerala,Idukki
2472,Kerala,Kollam
2473,Telangana,Hyderabad
2474,Telangana,Ranga Reddy
2475,Gujarat,Surat
2476,Kerala,Wayanad
2477,Kerala,Idukki
2478,Kerala,Kollam
2479,Telangana,Hyderabad
2480,Telangana,Ranga Reddy
2481,Gujarat,Surat
2482,Kerala,Wayanad
2483,Kerala,Idukki
2484,Kerala,Kollam
2485,Telangana,Hyderabad
2486,Telangana,Ranga Reddy
2487,Gujarat,Surat
2488,Kerala,Wayanad
2489,Kerala,Idukki
2490,Kerala,Kollam
2491,Telangana,Hyderabad
2492,Telangana,Ranga Reddy
2493,Gujarat,Surat
2494,Kerala,Wayanad
2495,Kerala,Idukki
2496,Kerala,Kollam
2497,Telangana,Hyderabad
2498,Telangana,Ranga Reddy
2499,Gujarat,Surat
2500,Kerala,Wayanad
2501,Kerala,Idukki
2502,Kerala,Kollam
2503,Telangana,Hyderabad
2504,Telangana,Ranga Reddy
2505,Gujarat,Surat
2506,Kerala,Wayanad
2507,Kerala,Idukki
2508,Kerala,Kollam
2509,Telangana,Hyderabad
2510,Telangana,Ranga Reddy
2511,Gujarat,Surat
2512,Kerala,Wayanad
2513,Kerala,Idukki
2514,Kerala,Kollam
2515,Telangana,Hyderabad
2516,Telangana,Ranga Reddy
2517,Gujarat,Surat
2518,Kerala,Wayanad
2519,Kerala,Idukki
2520,Kerala,Kollam
2521,Telangana,Hyderabad
2522,Telangana,Ranga Reddy
2523,Gujarat,Surat
2524,Kerala,Wayanad
2525,Kerala,Idukki
2526,Kerala,Kollam
2527,Telangana,Hyderabad
2528,Telangana,Ranga Reddy
2529,Gujarat,Surat
2530,Kerala,Wayanad
2531,Kerala,Idukki
2532,Kerala,Kollam
2533,Telangana,Hyderabad
2534,Telangana,Ranga Reddy
2535,Gujarat,Surat
2536,Kerala,Wayanad
2537,Kerala,Idukki
2538,Kerala,Kollam
2539,Telangana,Hyderabad
2540,Telangana,Ranga Reddy
2541,Gujarat,Surat
2542,Kerala,Wayanad
2543,Kerala,Idukki
2544,Kerala,Kollam
2545,Telangana,Hyderabad
2546,Telangana,Ranga Reddy
2547,Gujarat,Surat
2548,Kerala,Wayanad
2549,Kerala,Idukki
2550,Kerala,Kollam
2551,Telangana,Hyderabad
2552,Telangana,Ranga Reddy
2553,Gujarat,Surat
2554,Kerala,Wayanad
2555,Kerala,Idukki
2556,Kerala,Kollam
2557,Telangana,Hyderabad
2558,Telangana,Ranga Reddy
2559,Gujarat,Surat
2560,Kerala,Wayanad
2561,Kerala,Idukki
2562,Kerala,Kollam
2563,Telangana,Hyderabad
2564,Telangana,Ranga Reddy
2565,Gujarat,Surat
2566,Kerala,Wayanad
2567,Kerala,Idukki
2568,Kerala,Kollam
2569,Telangana,Hyderabad
2570,Telangana,Ranga Reddy
2571,Gujarat,Surat
2572,Kerala,Wayanad
2573,Kerala,Idukki
2574,Kerala,Kollam
2575,Telangana,Hyderabad
2576,Telangana,Ranga Reddy
2577,Gujarat,Surat
2578,Kerala,Wayanad
2579,Kerala,Idukki
2580,Kerala,Kollam
2581,Telangana,Hyderabad
2582,Telangana,Ranga Reddy
2583,Gujarat,Surat
2584,Kerala,Wayanad
2585,Kerala,Idukki
2586,Kerala,Kollam
2587,Telangana,Hyderabad
2588,Telangana,Ranga Reddy
2589,Gujarat,Surat
2590,Kerala,Wayanad
2591,Kerala,Idukki
2592,Kerala,Kollam
2593,Telangana,Hyderabad
2594,Telangana,Ranga Reddy
2595,Gujarat,Surat
2596,Kerala,Wayanad
2597,Kerala,Idukki
2598,Kerala,Kollam
2599,Telangana,Hyderabad
2600,Telangana,Ranga Reddy
2601,Gujarat,Surat
2602,Kerala,Wayanad
2603,Kerala,Idukki
2604,Kerala,Kollam
2605,Telangana,Hyderabad
2606,Telangana,Ranga Reddy
2607,Gujarat,Surat
2608,Kerala,Wayanad
2609,Kerala,Idukki
2610,Kerala,Kollam
2611,Telangana,Hyderabad
2612,Telangana,Ranga Reddy
2613,Gujarat,Surat
2614,Kerala,Wayanad
2615,Kerala,Idukki
2616,Kerala,Kollam
2617,Telangana,Hyderabad
2618,Telangana,Ranga Reddy
2619,Gujarat,Surat
2620,Kerala,Wayanad
2621,Kerala,Idukki
2622,Kerala,Kollam
2623,Telangana,Hyderabad
2624,Telangana,Ranga Reddy
2625,Gujarat,Surat
2626,Kerala,Wayanad
2627,Kerala,Idukki
2628,Kerala,Kollam
2629,Telangana,Hyderabad
2630,Telangana,Ranga Reddy
2631,Gujarat,Surat
2632,Kerala,Wayanad
2633,Kerala,Idukki
2634,Kerala,Kollam
2635,Telangana,Hyderabad
2636,Telangana,Ranga Reddy
2637,Gujarat,Surat
2638,Kerala,Wayanad
2639,Kerala,Idukki
2640,Kerala,Kollam
2641,Telangana,Hyderabad
2642,Telangana,Ranga Reddy
2643,Gujarat,Surat
2644,Kerala,Wayanad
2645,Kerala,Idukki
2646,Kerala,Kollam
2647,Telangana,Hyderabad
2648,Telangana,Ranga Reddy
2649,Gujarat,Surat
2650,Kerala,Wayanad
2651,Kerala,Idukki
2652,Kerala,Kollam
2653,Telangana,Hyderabad
2654,Telangana,Ranga Reddy
2655,Gujarat,Surat
2656,Kerala,Wayanad
2657,Kerala,Idukki
2658,Kerala,Kollam
2659,Telangana,Hyderabad
2660,Telangana,Ranga Reddy
2661,Gujarat,Surat
2662,Kerala,Wayanad
2663,Kerala,Idukki
2664,Kerala,Kollam
2665,Telangana,Hyderabad
2666,Telangana,Ranga Reddy
2667,Gujarat,Surat
2668,Kerala,Wayanad
2669,Kerala,Idukki
2670,Kerala,Kollam
2671,Telangana,Hyderabad
2672,Telangana,Ranga Reddy
2673,Gujarat,Surat
2674,Kerala,Wayanad
2675,Kerala,Idukki
2676,Kerala,Kollam
2677,Telangana,Hyderabad
2678,Telangana,Ranga Reddy
2679,Gujarat,Surat
2680,Kerala,Wayanad
2681,Kerala,Idukki
2682,Kerala,Kollam
2683,Telangana,Hyderabad
2684,Telangana,Ranga Reddy
2685,Gujarat,Surat
2686,Kerala,Wayanad
2687,Kerala,Idukki
2688,Kerala,Kollam
2689,Telangana,Hyderabad
2690,Telangana,Ranga Reddy
2691,Gujarat,Surat
2692,Kerala,Wayanad
2693,Kerala,Idukki
2694,Kerala,Kollam
2695,Telangana,Hyderabad
2696,Telangana,Ranga Reddy
2697,Gujarat,Surat
2698,Kerala,Wayanad
2699,Kerala,Idukki
2700,Kerala,Kollam
2701,Telangana,Hyderabad
2702,Telangana,Ranga Reddy
2703,Gujarat,Surat
2704,Kerala,Wayanad
2705,Kerala,Idukki
2706,Kerala,Kollam
2707,Telangana,Hyderabad
2708,Telangana,Ranga Reddy
2709,Gujarat,Surat
2710,Kerala,Wayanad
2711,Kerala,Idukki
2712,Kerala,Kollam
2713,Telangana,Hyderabad
2714,Telangana,Ranga Reddy
2715,Gujarat,Surat
2716,Kerala,Wayanad
2717,Kerala,Idukki
2718,Kerala,Kollam
2719,Telangana,Hyderabad
2720,Telangana,Ranga Reddy
2721,Gujarat,Surat
2722,Kerala,Wayanad
2723,Kerala,Idukki
2724,Kerala,Kollam
2725,Telangana,Hyderabad
2726,Telangana,Ranga Reddy
2727,Gujarat,Surat
2728,Kerala,Wayanad
2729,Kerala,Idukki
2730,Kerala,Kollam
2731,Telangana,Hyderabad
2732,Telangana,Ranga Reddy
2733,Gujarat,Surat
2734,Kerala,Wayanad
2735,Kerala,Idukki
2736,Kerala,Kollam
2737,Telangana,Hyderabad
2738,Telangana,Ranga Reddy
2739,Gujarat,Surat
2740,Kerala,Wayanad
2741,Kerala,Idukki
2742,Kerala,Kollam
2743,Telangana,Hyderabad
2744,Telangana,Ranga Reddy
2745,Gujarat,Surat
2746,Kerala,Wayanad
2747,Kerala,Idukki
2748,Kerala,Kollam
2749,Telangana,Hyderabad
2750,Telangana,Ranga Reddy
2751,Gujarat,Surat
2752,Kerala,Wayanad
2753,Kerala,Idukki
2754,Kerala,Kollam
2755,Telangana,Hyderabad
2756,Telangana,Ranga Reddy
2757,Gujarat,Surat
2758,Kerala,Wayanad
2759,Kerala,Idukki
2760,Kerala,Kollam
2761,Telangana,Hyderabad
2762,Telangana,Ranga Reddy
2763,Gujarat,Surat
2764,Kerala,Wayanad
2765,Kerala,Idukki
2766,Kerala,Kollam
2767,Telangana,Hyderabad
2768,Telangana,Ranga Reddy
2769,Gujarat,Surat
2770,Kerala,Wayanad
2771,Kerala,Idukki
2772,Kerala,Kollam
2773,Telangana,Hyderabad
2774,Telangana,Ranga Reddy
2775,Gujarat,Surat
2776,Kerala,Wayanad
2777,Kerala,Idukki
2778,Kerala,Kollam
2779,Telangana,Hyderabad
2780,Telangana,Ranga Reddy
2781,Gujarat,Surat
2782,Kerala,Wayanad
2783,Kerala,Idukki
2784,Kerala,Kollam
2785,Telangana,Hyderabad
2786,Telangana,Ranga Reddy
2787,Gujarat,Surat
2788,Kerala,Wayanad
2789,Kerala,Idukki
2790,Kerala,Kollam
2791,Telangana,Hyderabad
2792,Telangana,Ranga Reddy
2793,Gujarat,Surat
2794,Kerala,Wayanad
2795,Kerala,Idukki
2796,Kerala,Kollam
2797,Telangana,Hyderabad
2798,Telangana,Ranga Reddy
2799,Gujarat,Surat
2800,Kerala,Wayanad
2801,Kerala,Idukki
2802,Kerala,Kollam
2803,Telangana,Hyderabad
2804,Telangana,Ranga Reddy
2805,Gujarat,Surat
2806,Kerala,Wayanad
2807,Kerala,Idukki
2808,Kerala,Kollam
2809,Telangana,Hyderabad
2810,Telangana,Ranga Reddy
2811,Gujarat,Surat
2812,Kerala,Wayanad
2813,Kerala,Idukki
2814,Kerala,Kollam
2815,Telangana,Hyderabad
2816,Telangana,Ranga Reddy
2817,Gujarat,Surat
2818,Kerala,Wayanad
2819,Kerala,Idukki
2820,Kerala,Kollam
2821,Telangana,Hyderabad
2822,Telangana,Ranga Reddy
2823,Gujarat,Surat
2824,Kerala,Wayanad
2825,Kerala,Idukki
2826,Kerala,Kollam
2827,Telangana,Hyderabad
2828,Telangana,Ranga Reddy
2829,Gujarat,Surat
2830,Kerala,Wayanad
2831,Kerala,Idukki
2832,Kerala,Kollam
2833,Telangana,Hyderabad
2834,Telangana,Ranga Reddy
2835,Gujarat,Surat
2836,Kerala,Wayanad
2837,Kerala,Idukki
2838,Kerala,Kollam
2839,Telangana,Hyderabad
2840,Telangana,Ranga Reddy
2841,Gujarat,Surat
2842,Kerala,Wayanad
2843,Kerala,Idukki
2844,Kerala,Kollam
2845,Telangana,Hyderabad
2846,Telangana,Ranga Reddy
2847,Gujarat,Surat
2848,Kerala,Wayanad
2849,Kerala,Idukki
2850,Kerala,Kollam
2851,Telangana,Hyderabad
2852,Telangana,Ranga Reddy
2853,Gujarat,Surat
2854,Kerala,Wayanad
2855,Kerala,Idukki
2856,Kerala,Kollam
2857,Telangana,Hyderabad
2858,Telangana,Ranga Reddy
2859,Gujarat,Surat
2860,Kerala,Wayanad
2861,Kerala,Idukki
2862,Kerala,Kollam
2863,Telangana,Hyderabad
2864,Telangana,Ranga Reddy
2865,Gujarat,Surat
2866,Kerala,Wayanad
2867,Kerala,Idukki
2868,Kerala,Kollam
2869,Telangana,Hyderabad
2870,Telangana,Ranga Reddy
2871,Gujarat,Surat
2872,Kerala,Wayanad
2873,Kerala,Idukki
2874,Kerala,Kollam
2875,Telangana,Hyderabad
2876,Telangana,Ranga Reddy
2877,Gujarat,Surat
2878,Kerala,Wayanad
2879,Kerala,Idukki
2880,Kerala,Kollam
2881,Telangana,Hyderabad
2882,Telangana,Ranga Reddy
2883,Gujarat,Surat
2884,Kerala,Wayanad
2885,Kerala,Idukki
2886,Kerala,Kollam
2887,Telangana,Hyderabad
2888,Telangana,Ranga Reddy
2889,Gujarat,Surat
2890,Kerala,Wayanad
2891,Kerala,Idukki
2892,Kerala,Kollam
2893,Telangana,Hyderabad
2894,Telangana,Ranga Reddy
2895,Gujarat,Surat
2896,Kerala,Wayanad
2897,Kerala,Idukki
2898,Kerala,Kollam
2899,Telangana,Hyderabad
2900,Telangana,Ranga Reddy
2901,Gujarat,Surat
2902,Kerala,Wayanad
2903,Kerala,Idukki
2904,Kerala,Kollam
2905,Telangana,Hyderabad
2906,Telangana,Ranga Reddy
2907,Gujarat,Surat
2908,Kerala,Wayanad
2909,Kerala,Idukki
2910,Kerala,Kollam
2911,Telangana,Hyderabad
2912,Telangana,Ranga Reddy
2913,Gujarat,Surat
2914,Kerala,Wayanad
2915,Kerala,Idukki
2916,Kerala,Kollam
2917,Telangana,Hyderabad
2918,Telangana,Ranga Reddy
2919,Gujarat,Surat
2920,Kerala,Wayanad
2921,Kerala,Idukki
2922,Kerala,Kollam
2923,Telangana,Hyderabad
2924,Telangana,Ranga Reddy
2925,Gujarat,Surat
2926,Kerala,Wayanad
2927,Kerala,Idukki
2928,Kerala,Kollam
2929,Telangana,Hyderabad
2930,Telangana,Ranga Reddy
2931,Gujarat,Surat
2932,Kerala,Wayanad
2933,Kerala,Idukki
2934,Kerala,Kollam
2935,Telangana,Hyderabad
2936,Telangana,Ranga Reddy
2937,Gujarat,Surat
2938,Kerala,Wayanad
2939,Kerala,Idukki
2940,Kerala,Kollam
2941,Telangana,Hyderabad
2942,Telangana,Ranga Reddy
2943,Gujarat,Surat
2944,Kerala,Wayanad
2945,Kerala,Idukki
2946,Kerala,Kollam
2947,Telangana,Hyderabad
2948,Telangana,Ranga Reddy
2949,Gujarat,Surat
2950,Kerala,Wayanad
2951,Kerala,Idukki
2952,Kerala,Kollam
2953,Telangana,Hyderabad
2954,Telangana,Ranga Reddy
2955,Gujarat,Surat
2956,Kerala,Wayanad
2957,Kerala,Idukki
2958,Kerala,Kollam
2959,Telangana,Hyderabad
2960,Telangana,Ranga Reddy
2961,Gujarat,Surat
2962,Kerala,Wayanad
2963,Kerala,Idukki
2964,Kerala,Kollam
2965,Telangana,Hyderabad
2966,Telangana,Ranga Reddy
2967,Gujarat,Surat
2968,Kerala,Wayanad
2969,Kerala,Idukki
2970,Kerala,Kollam
2971,Telangana,Hyderabad
2972,Telangana,Ranga Reddy
2973,Gujarat,Surat
2974,Kerala,Wayanad
2975,Kerala,Idukki
2976,Kerala,Kollam
2977,Telangana,Hyderabad
2978,Telangana,Ranga Reddy
2979,Gujarat,Surat
2980,Kerala,Wayanad
2981,Kerala,Idukki
2982,Kerala,Kollam
2983,Telangana,Hyderabad
2984,Telangana,Ranga Reddy
2985,Gujarat,Surat
2986,Kerala,Wayanad
2987,Kerala,Idukki
2988,Kerala,Kollam
2989,Telangana,Hyderabad
2990,Telangana,Ranga Reddy
2991,Gujarat,Surat
2992,Kerala,Wayanad
2993,Kerala,Idukki
2994,Kerala,Kollam
2995,Telangana,Hyderabad
2996,Telangana,Ranga Reddy
2997,Gujarat,Surat
2998,Kerala,Wayanad
2999,Kerala,Idukki
3000,Kerala,Kollam
3001,Telangana,Hyderabad
3002,Telangana,Ranga Reddy
3003,Gujarat,Surat
3004,Kerala,Wayanad
3005,Kerala,Idukki
3006,Kerala,Kollam
3007,Telangana,Hyderabad
3008,Telangana,Ranga Reddy
3009,Gujarat,Surat
3010,Kerala,Wayanad
3011,Kerala,Idukki
3012,Kerala,Kollam
3013,Telangana,Hyderabad
3014,Telangana,Ranga Reddy
3015,Gujarat,Surat
3016,Kerala,Wayanad
3017,Kerala,Idukki
3018,Kerala,Kollam
3019,Telangana,Hyderabad
3020,Telangana,Ranga Reddy
3021,Gujarat,Surat
3022,Kerala,Wayanad
3023,Kerala,Idukki
3024,Kerala,Kollam
3025,Telangana,Hyderabad
3026,Telangana,Ranga Reddy
3027,Gujarat,Surat
3028,Kerala,Wayanad
3029,Kerala,Idukki
3030,Kerala,Kollam
3031,Telangana,Hyderabad
3032,Telangana,Ranga Reddy
3033,Gujarat,Surat
3034,Kerala,Wayanad
3035,Kerala,Idukki
3036,Kerala,Kollam
3037,Telangana,Hyderabad
3038,Telangana,Ranga Reddy
3039,Gujarat,Surat
3040,Kerala,Wayanad
3041,Kerala,Idukki
3042,Kerala,Kollam
3043,Telangana,Hyderabad
3044,Telangana,Ranga Reddy
3045,Gujarat,Surat
3046,Kerala,Wayanad
3047,Kerala,Idukki
3048,Kerala,Kollam
3049,Telangana,Hyderabad
3050,Telangana,Ranga Reddy
3051,Gujarat,Surat
3052,Kerala,Wayanad
3053,Kerala,Idukki
3054,Kerala,Kollam
3055,Telangana,Hyderabad
3056,Telangana,Ranga Reddy
3057,Gujarat,Surat
3058,Kerala,Wayanad
3059,Kerala,Idukki
3060,Kerala,Kollam
3061,Telangana,Hyderabad
3062,Telangana,Ranga Reddy
3063,Gujarat,Surat
3064,Kerala,Wayanad
3065,Kerala,Idukki
3066,Kerala,Kollam
3067,Telangana,Hyderabad
3068,Telangana,Ranga Reddy
3069,Gujarat,Surat
3070,Kerala,Wayanad
3071,Kerala,Idukki
3072,Kerala,Kollam
3073,Telangana,Hyderabad
3074,Telangana,Ranga Reddy
3075,Gujarat,Surat
3076,Kerala,Wayanad
3077,Kerala,Idukki
3078,Kerala,Kollam
3079,Telangana,Hyderabad
3080,Telangana,Ranga Reddy
3081,Gujarat,Surat
3082,Kerala,Wayanad
3083,Kerala,Idukki
3084,Kerala,Kollam
3085,Telangana,Hyderabad
3086,Telangana,Ranga Reddy
3087,Gujarat,Surat
3088,Kerala,Wayanad
3089,Kerala,Idukki
3090,Kerala,Kollam
3091,Telangana,Hyderabad
3092,Telangana,Ranga Reddy
3093,Gujarat,Surat
3094,Kerala,Wayanad
3095,Kerala,Idukki
3096,Kerala,Kollam
3097,Telangana,Hyderabad
3098,Telangana,Ranga Reddy
3099,Gujarat,Surat
3100,Kerala,Wayanad
3101,Kerala,Idukki
3102,Kerala,Kollam
3103,Telangana,Hyderabad
3104,Telangana,Ranga Reddy
3105,Gujarat,Surat
3106,Kerala,Wayanad
3107,Kerala,Idukki
3108,Kerala,Kollam
3109,Telangana,Hyderabad
3110,Telangana,Ranga Reddy
3111,Gujarat,Surat
3112,Kerala,Wayanad
3113,Kerala,Idukki
3114,Kerala,Kollam
3115,Telangana,Hyderabad
3116,Telangana,Ranga Reddy
3117,Gujarat,Surat
3118,Kerala,Wayanad
3119,Kerala,Idukki
3120,Kerala,Kollam
3121,Telangana,Hyderabad
3122,Telangana,Ranga Reddy
3123,Gujarat,Surat
3124,Kerala,Wayanad
3125,Kerala,Idukki
3126,Kerala,Kollam
3127,Telangana,Hyderabad
3128,Telangana,Ranga Reddy
3129,Gujarat,Surat
3130,Kerala,Wayanad
3131,Kerala,Idukki
3132,Kerala,Kollam
3133,Telangana,Hyderabad
3134,Telangana,Ranga Reddy
3135,Gujarat,Surat
3136,Kerala,Wayanad
3137,Kerala,Idukki
3138,Kerala,Kollam
3139,Telangana,Hyderabad
3140,Telangana,Ranga Reddy
3141,Gujarat,Surat
3142,Kerala,Wayanad
3143,Kerala,Idukki
3144,Kerala,Kollam
3145,Telangana,Hyderabad
3146,Telangana,Ranga Reddy
3147,Gujarat,Surat
3148,Kerala,Wayanad
3149,Kerala,Idukki
3150,Kerala,Kollam
3151,Telangana,Hyderabad
3152,Telangana,Ranga Reddy
3153,Gujarat,Surat
3154,Kerala,Wayanad
3155,Kerala,Idukki
3156,Kerala,Kollam
3157,Telangana,Hyderabad
3158,Telangana,Ranga Reddy
3159,Gujarat,Surat
3160,Kerala,Wayanad
3161,Kerala,Idukki
3162,Kerala,Kollam
3163,Telangana,Hyderabad
3164,Telangana,Ranga Reddy
3165,Gujarat,Surat
3166,Kerala,Wayanad
3167,Kerala,Idukki
3168,Kerala,Kollam
3169,Telangana,Hyderabad
3170,Telangana,Ranga Reddy
3171,Gujarat,Surat
3172,Kerala,Wayanad
3173,Kerala,Idukki
3174,Kerala,Kollam
3175,Telangana,Hyderabad
3176,Telangana,Ranga Reddy
3177,Gujarat,Surat
3178,Kerala,Wayanad
3179,Kerala,Idukki
3180,Kerala,Kollam
3181,Telangana,Hyderabad
3182,Telangana,Ranga Reddy
3183,Gujarat,Surat
3184,Kerala,Wayanad
3185,Kerala,Idukki
3186,Kerala,Kollam
3187,Telangana,Hyderabad
3188,Telangana,Ranga Reddy
3189,Gujarat,Surat
3190,Kerala,Wayanad
3191,Kerala,Idukki
3192,Kerala,Kollam
3193,Telangana,Hyderabad
3194,Telangana,Ranga Reddy
3195,Gujarat,Surat
3196,Kerala,Wayanad
3197,Kerala,Idukki
3198,Kerala,Kollam
3199,Telangana,Hyderabad
3200,Telangana,Ranga Reddy
3201,Gujarat,Surat
3202,Kerala,Wayanad
3203,Kerala,Idukki
3204,Kerala,Kollam
3205,Telangana,Hyderabad
3206,Telangana,Ranga Reddy
3207,Gujarat,Surat
3208,Kerala,Wayanad
3209,Kerala,Idukki
3210,Kerala,Kollam
3211,Telangana,Hyderabad
3212,Telangana,Ranga Reddy
3213,Gujarat,Surat
3214,Kerala,Wayanad
3215,Kerala,Idukki
3216,Kerala,Kollam
3217,Telangana,Hyderabad
3218,Telangana,Ranga Reddy
3219,Gujarat,Surat
3220,Kerala,Wayanad
3221,Kerala,Idukki
3222,Kerala,Kollam
3223,Telangana,Hyderabad
3224,Telangana,Ranga Reddy
3225,Gujarat,Surat
3226,Kerala,Wayanad
3227,Kerala,Idukki
3228,Kerala,Kollam
3229,Telangana,Hyderabad
3230,Telangana,Ranga Reddy
3231,Gujarat,Surat
3232,Kerala,Wayanad
3233,Kerala,Idukki
3234,Kerala,Kollam
3235,Telangana,Hyderabad
3236,Telangana,Ranga Reddy
3237,Gujarat,Surat
3238,Kerala,Wayanad
3239,Kerala,Idukki
3240,Kerala,Kollam
3241,Telangana,Hyderabad
3242,Telangana,Ranga Reddy
3243,Gujarat,Surat
3244,Kerala,Wayanad
3245,Kerala,Idukki
3246,Kerala,Kollam
3247,Telangana,Hyderabad
3248,Telangana,Ranga Reddy
3249,Gujarat,Surat
3250,Kerala,Wayanad
3251,Kerala,Idukki
3252,Kerala,Kollam
3253,Telangana,Hyderabad
3254,Telangana,Ranga Reddy
3255,Gujarat,Surat
3256,Kerala,Wayanad
3257,Kerala,Idukki
3258,Kerala,Kollam
3259,Telangana,Hyderabad
3260,Telangana,Ranga Reddy
3261,Gujarat,Surat
3262,Kerala,Wayanad
3263,Kerala,Idukki
3264,Kerala,Kollam
3265,Telangana,Hyderabad
3266,Telangana,Ranga Reddy
3267,Gujarat,Surat
3268,Kerala,Wayanad
3269,Kerala,Idukki
3270,Kerala,Kollam
3271,Telangana,Hyderabad
3272,Telangana,Ranga Reddy
3273,Gujarat,Surat
3274,Kerala,Wayanad
3275,Kerala,Idukki
3276,Kerala,Kollam
3277,Telangana,Hyderabad
3278,Telangana,Ranga Reddy
3279,Gujarat,Surat
3280,Kerala,Wayanad
3281,Kerala,Idukki
3282,Kerala,Kollam
3283,Telangana,Hyderabad
3284,Telangana,Ranga Reddy
3285,Gujarat,Surat
3286,Kerala,Wayanad
3287,Kerala,Idukki
3288,Kerala,Kollam
3289,Telangana,Hyderabad
3290,Telangana,Ranga Reddy
3291,Gujarat,Surat
3292,Kerala,Wayanad
3293,Kerala,Idukki
3294,Kerala,Kollam
3295,Telangana,Hyderabad
3296,Telangana,Ranga Reddy
3297,Gujarat,Surat
3298,Kerala,Wayanad
3299,Kerala,Idukki
3300,Kerala,Kollam
3301,Telangana,Hyderabad
3302,Telangana,Ranga Reddy
3303,Gujarat,Surat
3304,Kerala,Wayanad
3305,Kerala,Idukki
3306,Kerala,Kollam
3307,Telangana,Hyderabad
3308,Telangana,Ranga Reddy
3309,Gujarat,Surat
3310,Kerala,Wayanad
3311,Kerala,Idukki
3312,Kerala,Kollam
3313,Telangana,Hyderabad
3314,Telangana,Ranga Reddy
3315,Gujarat,Surat
3316,Kerala,Wayanad
3317,Kerala,Idukki
3318,Kerala,Kollam
3319,Telangana,Hyderabad
3320,Telangana,Ranga Reddy
3321,Gujarat,Surat
3322,Kerala,Wayanad
3323,Kerala,Idukki
3324,Kerala,Kollam
3325,Telangana,Hyderabad
3326,Telangana,Ranga Reddy
3327,Gujarat,Surat
3328,Kerala,Wayanad
3329,Kerala,Idukki
3330,Kerala,Kollam
3331,Telangana,Hyderabad
3332,Telangana,Ranga Reddy
3333,Gujarat,Surat
3334,Kerala,Wayanad
3335,Kerala,Idukki
3336,Kerala,Kollam
3337,Telangana,Hyderabad
3338,Telangana,Ranga Reddy
3339,Gujarat,Surat
3340,Kerala,Wayanad
3341,Kerala,Idukki
3342,Kerala,Kollam
3343,Telangana,Hyderabad
3344,Telangana,Ranga Reddy
3345,Gujarat,Surat
3346,Kerala,Wayanad
3347,Kerala,Idukki
3348,Kerala,Kollam
3349,Telangana,Hyderabad
3350,Telangana,Ranga Reddy
3351,Gujarat,Surat
3352,Kerala,Wayanad
3353,Kerala,Idukki
3354,Kerala,Kollam
3355,Telangana,Hyderabad
3356,Telangana,Ranga Reddy
3357,Gujarat,Surat
3358,Kerala,Wayanad
3359,Kerala,Idukki
3360,Kerala,Kollam
3361,Telangana,Hyderabad
3362,Telangana,Ranga Reddy
3363,Gujarat,Surat
3364,Kerala,Wayanad
3365,Kerala,Idukki
3366,Kerala,Kollam
3367,Telangana,Hyderabad
3368,Telangana,Ranga Reddy
3369,Gujarat,Surat
3370,Kerala,Wayanad
3371,Kerala,Idukki
3372,Kerala,Kollam
3373,Telangana,Hyderabad
3374,Telangana,Ranga Reddy
3375,Gujarat,Surat
3376,Kerala,Wayanad
3377,Kerala,Idukki
3378,Kerala,Kollam
3379,Telangana,Hyderabad
3380,Telangana,Ranga Reddy
3381,Gujarat,Surat
3382,Kerala,Wayanad
3383,Kerala,Idukki
3384,Kerala,Kollam
3385,Telangana,Hyderabad
3386,Telangana,Ranga Reddy
3387,Gujarat,Surat
3388,Kerala,Wayanad
3389,Kerala,Idukki
3390,Kerala,Kollam
3391,Telangana,Hyderabad
3392,Telangana,Ranga Reddy
3393,Gujarat,Surat
3394,Kerala,Wayanad
3395,Kerala,Idukki
3396,Kerala,Kollam
3397,Telangana,Hyderabad
3398,Telangana,Ranga Reddy
3399,Gujarat,Surat
3400,Kerala,Wayanad
3401,Kerala,Idukki
3402,Kerala,Kollam
3403,Telangana,Hyderabad
3404,Telangana,Ranga Reddy
3405,Gujarat,Surat
3406,Kerala,Wayanad
3407,Kerala,Idukki
3408,Kerala,Kollam
3409,Telangana,Hyderabad
3410,Telangana,Ranga Reddy
3411,Gujarat,Surat
3412,Kerala,Wayanad
3413,Kerala,Idukki
3414,Kerala,Kollam
3415,Telangana,Hyderabad
3416,Telangana,Ranga Reddy
3417,Gujarat,Surat
3418,Kerala,Wayanad
3419,Kerala,Idukki
3420,Kerala,Kollam
3421,Telangana,Hyderabad
3422,Telangana,Ranga Reddy
3423,Gujarat,Surat
3424,Kerala,Wayanad
3425,Kerala,Idukki
3426,Kerala,Kollam
3427,Telangana,Hyderabad
3428,Telangana,Ranga Reddy
3429,Gujarat,Surat
3430,Kerala,Wayanad
3431,Kerala,Idukki
3432,Kerala,Kollam
3433,Telangana,Hyderabad
3434,Telangana,Ranga Reddy
3435,Gujarat,Surat
3436,Kerala,Wayanad
3437,Kerala,Idukki
3438,Kerala,Kollam
3439,Telangana,Hyderabad
3440,Telangana,Ranga Reddy